	ID	label
0	Id_01	Non-sarcastic
1	Id_02	Sarcastic
2	Id_03	Non-sarcastic
3	Id_04	Non-sarcastic
4	Id_05	Non-sarcastic
5	Id_06	Non-sarcastic
6	Id_07	Non-sarcastic
7	Id_08	Non-sarcastic
8	Id_09	Non-sarcastic
9	Id_10	Sarcastic
10	Id_11	Sarcastic
11	Id_12	Non-sarcastic
12	Id_13	Non-sarcastic
13	Id_14	Non-sarcastic
14	Id_15	Non-sarcastic
15	Id_16	Sarcastic
16	Id_17	Non-sarcastic
17	Id_18	Non-sarcastic
18	Id_19	Non-sarcastic
19	Id_20	Non-sarcastic
20	Id_21	Non-sarcastic
21	Id_22	Non-sarcastic
22	Id_23	Non-sarcastic
23	Id_24	Non-sarcastic
24	Id_25	Non-sarcastic
25	Id_26	Non-sarcastic
26	Id_27	Non-sarcastic
27	Id_28	Sarcastic
28	Id_29	Non-sarcastic
29	Id_30	Non-sarcastic
30	Id_31	Non-sarcastic
31	Id_32	Non-sarcastic
32	Id_33	Non-sarcastic
33	Id_34	Sarcastic
34	Id_35	Non-sarcastic
35	Id_36	Sarcastic
36	Id_37	Non-sarcastic
37	Id_38	Non-sarcastic
38	Id_39	Non-sarcastic
39	Id_40	Non-sarcastic
40	Id_41	Non-sarcastic
41	Id_42	Non-sarcastic
42	Id_43	Sarcastic
43	Id_44	Non-sarcastic
44	Id_45	Non-sarcastic
45	Id_46	Non-sarcastic
46	Id_47	Non-sarcastic
47	Id_48	Non-sarcastic
48	Id_49	Non-sarcastic
49	Id_50	Non-sarcastic
50	Id_51	Non-sarcastic
51	Id_52	Non-sarcastic
52	Id_53	Non-sarcastic
53	Id_54	Non-sarcastic
54	Id_55	Non-sarcastic
55	Id_56	Non-sarcastic
56	Id_57	Non-sarcastic
57	Id_58	Non-sarcastic
58	Id_59	Non-sarcastic
59	Id_60	Non-sarcastic
60	Id_61	Non-sarcastic
61	Id_62	Non-sarcastic
62	Id_63	Sarcastic
63	Id_64	Sarcastic
64	Id_65	Non-sarcastic
65	Id_66	Non-sarcastic
66	Id_67	Non-sarcastic
67	Id_68	Non-sarcastic
68	Id_69	Non-sarcastic
69	Id_70	Non-sarcastic
70	Id_71	Non-sarcastic
71	Id_72	Non-sarcastic
72	Id_73	Non-sarcastic
73	Id_74	Non-sarcastic
74	Id_75	Non-sarcastic
75	Id_76	Non-sarcastic
76	Id_77	Non-sarcastic
77	Id_78	Non-sarcastic
78	Id_79	Sarcastic
79	Id_80	Non-sarcastic
80	Id_81	Sarcastic
81	Id_82	Non-sarcastic
82	Id_83	Non-sarcastic
83	Id_84	Non-sarcastic
84	Id_85	Non-sarcastic
85	Id_86	Non-sarcastic
86	Id_87	Non-sarcastic
87	Id_88	Non-sarcastic
88	Id_89	Non-sarcastic
89	Id_90	Non-sarcastic
90	Id_91	Non-sarcastic
91	Id_92	Non-sarcastic
92	Id_93	Sarcastic
93	Id_94	Non-sarcastic
94	Id_95	Non-sarcastic
95	Id_96	Non-sarcastic
96	Id_97	Non-sarcastic
97	Id_98	Non-sarcastic
98	Id_99	Non-sarcastic
99	Id_100	Non-sarcastic
100	Id_101	Non-sarcastic
101	Id_102	Non-sarcastic
102	Id_103	Non-sarcastic
103	Id_104	Non-sarcastic
104	Id_105	Sarcastic
105	Id_106	Non-sarcastic
106	Id_107	Non-sarcastic
107	Id_108	Non-sarcastic
108	Id_109	Non-sarcastic
109	Id_110	Non-sarcastic
110	Id_111	Non-sarcastic
111	Id_112	Non-sarcastic
112	Id_113	Non-sarcastic
113	Id_114	Non-sarcastic
114	Id_115	Non-sarcastic
115	Id_116	Non-sarcastic
116	Id_117	Non-sarcastic
117	Id_118	Non-sarcastic
118	Id_119	Non-sarcastic
119	Id_120	Non-sarcastic
120	Id_121	Non-sarcastic
121	Id_122	Non-sarcastic
122	Id_123	Non-sarcastic
123	Id_124	Non-sarcastic
124	Id_125	Non-sarcastic
125	Id_126	Non-sarcastic
126	Id_127	Non-sarcastic
127	Id_128	Non-sarcastic
128	Id_129	Non-sarcastic
129	Id_130	Non-sarcastic
130	Id_131	Non-sarcastic
131	Id_132	Non-sarcastic
132	Id_133	Non-sarcastic
133	Id_134	Non-sarcastic
134	Id_135	Non-sarcastic
135	Id_136	Non-sarcastic
136	Id_137	Non-sarcastic
137	Id_138	Non-sarcastic
138	Id_139	Non-sarcastic
139	Id_140	Non-sarcastic
140	Id_141	Non-sarcastic
141	Id_142	Non-sarcastic
142	Id_143	Non-sarcastic
143	Id_144	Non-sarcastic
144	Id_145	Non-sarcastic
145	Id_146	Non-sarcastic
146	Id_147	Sarcastic
147	Id_148	Non-sarcastic
148	Id_149	Non-sarcastic
149	Id_150	Non-sarcastic
150	Id_151	Non-sarcastic
151	Id_152	Non-sarcastic
152	Id_153	Non-sarcastic
153	Id_154	Sarcastic
154	Id_155	Non-sarcastic
155	Id_156	Sarcastic
156	Id_157	Non-sarcastic
157	Id_158	Non-sarcastic
158	Id_159	Sarcastic
159	Id_160	Sarcastic
160	Id_161	Non-sarcastic
161	Id_162	Non-sarcastic
162	Id_163	Non-sarcastic
163	Id_164	Sarcastic
164	Id_165	Non-sarcastic
165	Id_166	Non-sarcastic
166	Id_167	Non-sarcastic
167	Id_168	Non-sarcastic
168	Id_169	Non-sarcastic
169	Id_170	Non-sarcastic
170	Id_171	Non-sarcastic
171	Id_172	Sarcastic
172	Id_173	Sarcastic
173	Id_174	Sarcastic
174	Id_175	Non-sarcastic
175	Id_176	Non-sarcastic
176	Id_177	Non-sarcastic
177	Id_178	Non-sarcastic
178	Id_179	Non-sarcastic
179	Id_180	Non-sarcastic
180	Id_181	Non-sarcastic
181	Id_182	Non-sarcastic
182	Id_183	Non-sarcastic
183	Id_184	Non-sarcastic
184	Id_185	Non-sarcastic
185	Id_186	Sarcastic
186	Id_187	Non-sarcastic
187	Id_188	Non-sarcastic
188	Id_189	Non-sarcastic
189	Id_190	Non-sarcastic
190	Id_191	Non-sarcastic
191	Id_192	Non-sarcastic
192	Id_193	Non-sarcastic
193	Id_194	Non-sarcastic
194	Id_195	Non-sarcastic
195	Id_196	Non-sarcastic
196	Id_197	Sarcastic
197	Id_198	Non-sarcastic
198	Id_199	Non-sarcastic
199	Id_200	Non-sarcastic
200	Id_201	Non-sarcastic
201	Id_202	Non-sarcastic
202	Id_203	Non-sarcastic
203	Id_204	Sarcastic
204	Id_205	Non-sarcastic
205	Id_206	Non-sarcastic
206	Id_207	Non-sarcastic
207	Id_208	Non-sarcastic
208	Id_209	Non-sarcastic
209	Id_210	Non-sarcastic
210	Id_211	Non-sarcastic
211	Id_212	Non-sarcastic
212	Id_213	Sarcastic
213	Id_214	Non-sarcastic
214	Id_215	Non-sarcastic
215	Id_216	Non-sarcastic
216	Id_217	Non-sarcastic
217	Id_218	Non-sarcastic
218	Id_219	Non-sarcastic
219	Id_220	Non-sarcastic
220	Id_221	Non-sarcastic
221	Id_222	Non-sarcastic
222	Id_223	Non-sarcastic
223	Id_224	Sarcastic
224	Id_225	Sarcastic
225	Id_226	Non-sarcastic
226	Id_227	Non-sarcastic
227	Id_228	Non-sarcastic
228	Id_229	Non-sarcastic
229	Id_230	Non-sarcastic
230	Id_231	Non-sarcastic
231	Id_232	Non-sarcastic
232	Id_233	Non-sarcastic
233	Id_234	Non-sarcastic
234	Id_235	Non-sarcastic
235	Id_236	Non-sarcastic
236	Id_237	Non-sarcastic
237	Id_238	Non-sarcastic
238	Id_239	Non-sarcastic
239	Id_240	Non-sarcastic
240	Id_241	Non-sarcastic
241	Id_242	Non-sarcastic
242	Id_243	Non-sarcastic
243	Id_244	Sarcastic
244	Id_245	Non-sarcastic
245	Id_246	Non-sarcastic
246	Id_247	Sarcastic
247	Id_248	Non-sarcastic
248	Id_249	Non-sarcastic
249	Id_250	Non-sarcastic
250	Id_251	Non-sarcastic
251	Id_252	Sarcastic
252	Id_253	Non-sarcastic
253	Id_254	Non-sarcastic
254	Id_255	Sarcastic
255	Id_256	Non-sarcastic
256	Id_257	Non-sarcastic
257	Id_258	Non-sarcastic
258	Id_259	Non-sarcastic
259	Id_260	Non-sarcastic
260	Id_261	Non-sarcastic
261	Id_262	Non-sarcastic
262	Id_263	Sarcastic
263	Id_264	Non-sarcastic
264	Id_265	Non-sarcastic
265	Id_266	Non-sarcastic
266	Id_267	Non-sarcastic
267	Id_268	Non-sarcastic
268	Id_269	Non-sarcastic
269	Id_270	Non-sarcastic
270	Id_271	Non-sarcastic
271	Id_272	Non-sarcastic
272	Id_273	Sarcastic
273	Id_274	Non-sarcastic
274	Id_275	Non-sarcastic
275	Id_276	Non-sarcastic
276	Id_277	Non-sarcastic
277	Id_278	Non-sarcastic
278	Id_279	Non-sarcastic
279	Id_280	Non-sarcastic
280	Id_281	Sarcastic
281	Id_282	Non-sarcastic
282	Id_283	Non-sarcastic
283	Id_284	Non-sarcastic
284	Id_285	Non-sarcastic
285	Id_286	Non-sarcastic
286	Id_287	Non-sarcastic
287	Id_288	Non-sarcastic
288	Id_289	Non-sarcastic
289	Id_290	Non-sarcastic
290	Id_291	Non-sarcastic
291	Id_292	Non-sarcastic
292	Id_293	Non-sarcastic
293	Id_294	Non-sarcastic
294	Id_295	Non-sarcastic
295	Id_296	Non-sarcastic
296	Id_297	Non-sarcastic
297	Id_298	Non-sarcastic
298	Id_299	Non-sarcastic
299	Id_300	Sarcastic
300	Id_301	Non-sarcastic
301	Id_302	Non-sarcastic
302	Id_303	Non-sarcastic
303	Id_304	Non-sarcastic
304	Id_305	Non-sarcastic
305	Id_306	Non-sarcastic
306	Id_307	Non-sarcastic
307	Id_308	Sarcastic
308	Id_309	Non-sarcastic
309	Id_310	Non-sarcastic
310	Id_311	Non-sarcastic
311	Id_312	Non-sarcastic
312	Id_313	Non-sarcastic
313	Id_314	Non-sarcastic
314	Id_315	Non-sarcastic
315	Id_316	Sarcastic
316	Id_317	Non-sarcastic
317	Id_318	Non-sarcastic
318	Id_319	Non-sarcastic
319	Id_320	Non-sarcastic
320	Id_321	Non-sarcastic
321	Id_322	Non-sarcastic
322	Id_323	Sarcastic
323	Id_324	Non-sarcastic
324	Id_325	Non-sarcastic
325	Id_326	Non-sarcastic
326	Id_327	Non-sarcastic
327	Id_328	Non-sarcastic
328	Id_329	Non-sarcastic
329	Id_330	Non-sarcastic
330	Id_331	Non-sarcastic
331	Id_332	Non-sarcastic
332	Id_333	Non-sarcastic
333	Id_334	Non-sarcastic
334	Id_335	Non-sarcastic
335	Id_336	Sarcastic
336	Id_337	Non-sarcastic
337	Id_338	Non-sarcastic
338	Id_339	Non-sarcastic
339	Id_340	Non-sarcastic
340	Id_341	Non-sarcastic
341	Id_342	Non-sarcastic
342	Id_343	Non-sarcastic
343	Id_344	Non-sarcastic
344	Id_345	Non-sarcastic
345	Id_346	Non-sarcastic
346	Id_347	Non-sarcastic
347	Id_348	Non-sarcastic
348	Id_349	Sarcastic
349	Id_350	Non-sarcastic
350	Id_351	Non-sarcastic
351	Id_352	Non-sarcastic
352	Id_353	Non-sarcastic
353	Id_354	Non-sarcastic
354	Id_355	Non-sarcastic
355	Id_356	Non-sarcastic
356	Id_357	Non-sarcastic
357	Id_358	Non-sarcastic
358	Id_359	Non-sarcastic
359	Id_360	Non-sarcastic
360	Id_361	Non-sarcastic
361	Id_362	Non-sarcastic
362	Id_363	Sarcastic
363	Id_364	Non-sarcastic
364	Id_365	Non-sarcastic
365	Id_366	Non-sarcastic
366	Id_367	Non-sarcastic
367	Id_368	Non-sarcastic
368	Id_369	Non-sarcastic
369	Id_370	Non-sarcastic
370	Id_371	Non-sarcastic
371	Id_372	Non-sarcastic
372	Id_373	Non-sarcastic
373	Id_374	Sarcastic
374	Id_375	Sarcastic
375	Id_376	Non-sarcastic
376	Id_377	Non-sarcastic
377	Id_378	Non-sarcastic
378	Id_379	Non-sarcastic
379	Id_380	Non-sarcastic
380	Id_381	Sarcastic
381	Id_382	Non-sarcastic
382	Id_383	Non-sarcastic
383	Id_384	Non-sarcastic
384	Id_385	Non-sarcastic
385	Id_386	Non-sarcastic
386	Id_387	Non-sarcastic
387	Id_388	Non-sarcastic
388	Id_389	Sarcastic
389	Id_390	Non-sarcastic
390	Id_391	Non-sarcastic
391	Id_392	Non-sarcastic
392	Id_393	Non-sarcastic
393	Id_394	Sarcastic
394	Id_395	Non-sarcastic
395	Id_396	Non-sarcastic
396	Id_397	Non-sarcastic
397	Id_398	Non-sarcastic
398	Id_399	Non-sarcastic
399	Id_400	Sarcastic
400	Id_401	Non-sarcastic
401	Id_402	Sarcastic
402	Id_403	Non-sarcastic
403	Id_404	Non-sarcastic
404	Id_405	Non-sarcastic
405	Id_406	Non-sarcastic
406	Id_407	Non-sarcastic
407	Id_408	Non-sarcastic
408	Id_409	Non-sarcastic
409	Id_410	Non-sarcastic
410	Id_411	Non-sarcastic
411	Id_412	Non-sarcastic
412	Id_413	Non-sarcastic
413	Id_414	Non-sarcastic
414	Id_415	Non-sarcastic
415	Id_416	Sarcastic
416	Id_417	Non-sarcastic
417	Id_418	Non-sarcastic
418	Id_419	Non-sarcastic
419	Id_420	Non-sarcastic
420	Id_421	Sarcastic
421	Id_422	Sarcastic
422	Id_423	Non-sarcastic
423	Id_424	Non-sarcastic
424	Id_425	Non-sarcastic
425	Id_426	Non-sarcastic
426	Id_427	Non-sarcastic
427	Id_428	Sarcastic
428	Id_429	Non-sarcastic
429	Id_430	Sarcastic
430	Id_431	Non-sarcastic
431	Id_432	Non-sarcastic
432	Id_433	Non-sarcastic
433	Id_434	Non-sarcastic
434	Id_435	Non-sarcastic
435	Id_436	Non-sarcastic
436	Id_437	Non-sarcastic
437	Id_438	Non-sarcastic
438	Id_439	Non-sarcastic
439	Id_440	Non-sarcastic
440	Id_441	Non-sarcastic
441	Id_442	Non-sarcastic
442	Id_443	Non-sarcastic
443	Id_444	Non-sarcastic
444	Id_445	Non-sarcastic
445	Id_446	Non-sarcastic
446	Id_447	Non-sarcastic
447	Id_448	Non-sarcastic
448	Id_449	Non-sarcastic
449	Id_450	Non-sarcastic
450	Id_451	Non-sarcastic
451	Id_452	Non-sarcastic
452	Id_453	Non-sarcastic
453	Id_454	Non-sarcastic
454	Id_455	Sarcastic
455	Id_456	Non-sarcastic
456	Id_457	Non-sarcastic
457	Id_458	Non-sarcastic
458	Id_459	Non-sarcastic
459	Id_460	Non-sarcastic
460	Id_461	Non-sarcastic
461	Id_462	Non-sarcastic
462	Id_463	Non-sarcastic
463	Id_464	Non-sarcastic
464	Id_465	Non-sarcastic
465	Id_466	Non-sarcastic
466	Id_467	Non-sarcastic
467	Id_468	Non-sarcastic
468	Id_469	Non-sarcastic
469	Id_470	Non-sarcastic
470	Id_471	Non-sarcastic
471	Id_472	Non-sarcastic
472	Id_473	Sarcastic
473	Id_474	Non-sarcastic
474	Id_475	Non-sarcastic
475	Id_476	Non-sarcastic
476	Id_477	Non-sarcastic
477	Id_478	Non-sarcastic
478	Id_479	Non-sarcastic
479	Id_480	Non-sarcastic
480	Id_481	Non-sarcastic
481	Id_482	Non-sarcastic
482	Id_483	Non-sarcastic
483	Id_484	Non-sarcastic
484	Id_485	Sarcastic
485	Id_486	Non-sarcastic
486	Id_487	Non-sarcastic
487	Id_488	Non-sarcastic
488	Id_489	Non-sarcastic
489	Id_490	Non-sarcastic
490	Id_491	Non-sarcastic
491	Id_492	Non-sarcastic
492	Id_493	Non-sarcastic
493	Id_494	Non-sarcastic
494	Id_495	Non-sarcastic
495	Id_496	Non-sarcastic
496	Id_497	Non-sarcastic
497	Id_498	Non-sarcastic
498	Id_499	Non-sarcastic
499	Id_500	Non-sarcastic
500	Id_501	Non-sarcastic
501	Id_502	Non-sarcastic
502	Id_503	Non-sarcastic
503	Id_504	Non-sarcastic
504	Id_505	Sarcastic
505	Id_506	Non-sarcastic
506	Id_507	Non-sarcastic
507	Id_508	Sarcastic
508	Id_509	Sarcastic
509	Id_510	Non-sarcastic
510	Id_511	Non-sarcastic
511	Id_512	Sarcastic
512	Id_513	Non-sarcastic
513	Id_514	Non-sarcastic
514	Id_515	Sarcastic
515	Id_516	Non-sarcastic
516	Id_517	Non-sarcastic
517	Id_518	Non-sarcastic
518	Id_519	Non-sarcastic
519	Id_520	Sarcastic
520	Id_521	Non-sarcastic
521	Id_522	Sarcastic
522	Id_523	Sarcastic
523	Id_524	Non-sarcastic
524	Id_525	Non-sarcastic
525	Id_526	Non-sarcastic
526	Id_527	Non-sarcastic
527	Id_528	Sarcastic
528	Id_529	Non-sarcastic
529	Id_530	Non-sarcastic
530	Id_531	Non-sarcastic
531	Id_532	Non-sarcastic
532	Id_533	Non-sarcastic
533	Id_534	Non-sarcastic
534	Id_535	Non-sarcastic
535	Id_536	Sarcastic
536	Id_537	Non-sarcastic
537	Id_538	Non-sarcastic
538	Id_539	Sarcastic
539	Id_540	Non-sarcastic
540	Id_541	Non-sarcastic
541	Id_542	Non-sarcastic
542	Id_543	Non-sarcastic
543	Id_544	Non-sarcastic
544	Id_545	Non-sarcastic
545	Id_546	Non-sarcastic
546	Id_547	Sarcastic
547	Id_548	Non-sarcastic
548	Id_549	Non-sarcastic
549	Id_550	Non-sarcastic
550	Id_551	Non-sarcastic
551	Id_552	Sarcastic
552	Id_553	Sarcastic
553	Id_554	Non-sarcastic
554	Id_555	Non-sarcastic
555	Id_556	Non-sarcastic
556	Id_557	Non-sarcastic
557	Id_558	Non-sarcastic
558	Id_559	Non-sarcastic
559	Id_560	Non-sarcastic
560	Id_561	Non-sarcastic
561	Id_562	Non-sarcastic
562	Id_563	Non-sarcastic
563	Id_564	Non-sarcastic
564	Id_565	Non-sarcastic
565	Id_566	Non-sarcastic
566	Id_567	Non-sarcastic
567	Id_568	Non-sarcastic
568	Id_569	Non-sarcastic
569	Id_570	Non-sarcastic
570	Id_571	Non-sarcastic
571	Id_572	Non-sarcastic
572	Id_573	Non-sarcastic
573	Id_574	Non-sarcastic
574	Id_575	Non-sarcastic
575	Id_576	Non-sarcastic
576	Id_577	Non-sarcastic
577	Id_578	Non-sarcastic
578	Id_579	Non-sarcastic
579	Id_580	Non-sarcastic
580	Id_581	Non-sarcastic
581	Id_582	Non-sarcastic
582	Id_583	Non-sarcastic
583	Id_584	Non-sarcastic
584	Id_585	Non-sarcastic
585	Id_586	Non-sarcastic
586	Id_587	Non-sarcastic
587	Id_588	Non-sarcastic
588	Id_589	Non-sarcastic
589	Id_590	Sarcastic
590	Id_591	Non-sarcastic
591	Id_592	Non-sarcastic
592	Id_593	Non-sarcastic
593	Id_594	Non-sarcastic
594	Id_595	Sarcastic
595	Id_596	Non-sarcastic
596	Id_597	Non-sarcastic
597	Id_598	Non-sarcastic
598	Id_599	Non-sarcastic
599	Id_600	Non-sarcastic
600	Id_601	Non-sarcastic
601	Id_602	Non-sarcastic
602	Id_603	Sarcastic
603	Id_604	Sarcastic
604	Id_605	Non-sarcastic
605	Id_606	Non-sarcastic
606	Id_607	Non-sarcastic
607	Id_608	Non-sarcastic
608	Id_609	Non-sarcastic
609	Id_610	Sarcastic
610	Id_611	Non-sarcastic
611	Id_612	Non-sarcastic
612	Id_613	Non-sarcastic
613	Id_614	Non-sarcastic
614	Id_615	Non-sarcastic
615	Id_616	Non-sarcastic
616	Id_617	Non-sarcastic
617	Id_618	Non-sarcastic
618	Id_619	Non-sarcastic
619	Id_620	Non-sarcastic
620	Id_621	Non-sarcastic
621	Id_622	Non-sarcastic
622	Id_623	Sarcastic
623	Id_624	Sarcastic
624	Id_625	Non-sarcastic
625	Id_626	Non-sarcastic
626	Id_627	Non-sarcastic
627	Id_628	Non-sarcastic
628	Id_629	Non-sarcastic
629	Id_630	Non-sarcastic
630	Id_631	Non-sarcastic
631	Id_632	Non-sarcastic
632	Id_633	Non-sarcastic
633	Id_634	Non-sarcastic
634	Id_635	Non-sarcastic
635	Id_636	Sarcastic
636	Id_637	Non-sarcastic
637	Id_638	Non-sarcastic
638	Id_639	Non-sarcastic
639	Id_640	Non-sarcastic
640	Id_641	Non-sarcastic
641	Id_642	Non-sarcastic
642	Id_643	Non-sarcastic
643	Id_644	Non-sarcastic
644	Id_645	Non-sarcastic
645	Id_646	Non-sarcastic
646	Id_647	Non-sarcastic
647	Id_648	Non-sarcastic
648	Id_649	Sarcastic
649	Id_650	Sarcastic
650	Id_651	Non-sarcastic
651	Id_652	Non-sarcastic
652	Id_653	Non-sarcastic
653	Id_654	Non-sarcastic
654	Id_655	Non-sarcastic
655	Id_656	Non-sarcastic
656	Id_657	Non-sarcastic
657	Id_658	Non-sarcastic
658	Id_659	Non-sarcastic
659	Id_660	Non-sarcastic
660	Id_661	Non-sarcastic
661	Id_662	Non-sarcastic
662	Id_663	Non-sarcastic
663	Id_664	Non-sarcastic
664	Id_665	Non-sarcastic
665	Id_666	Sarcastic
666	Id_667	Sarcastic
667	Id_668	Non-sarcastic
668	Id_669	Non-sarcastic
669	Id_670	Non-sarcastic
670	Id_671	Non-sarcastic
671	Id_672	Sarcastic
672	Id_673	Non-sarcastic
673	Id_674	Non-sarcastic
674	Id_675	Non-sarcastic
675	Id_676	Non-sarcastic
676	Id_677	Non-sarcastic
677	Id_678	Non-sarcastic
678	Id_679	Non-sarcastic
679	Id_680	Non-sarcastic
680	Id_681	Non-sarcastic
681	Id_682	Non-sarcastic
682	Id_683	Non-sarcastic
683	Id_684	Non-sarcastic
684	Id_685	Non-sarcastic
685	Id_686	Non-sarcastic
686	Id_687	Non-sarcastic
687	Id_688	Non-sarcastic
688	Id_689	Non-sarcastic
689	Id_690	Non-sarcastic
690	Id_691	Non-sarcastic
691	Id_692	Non-sarcastic
692	Id_693	Non-sarcastic
693	Id_694	Non-sarcastic
694	Id_695	Non-sarcastic
695	Id_696	Non-sarcastic
696	Id_697	Non-sarcastic
697	Id_698	Non-sarcastic
698	Id_699	Sarcastic
699	Id_700	Non-sarcastic
700	Id_701	Non-sarcastic
701	Id_702	Non-sarcastic
702	Id_703	Non-sarcastic
703	Id_704	Non-sarcastic
704	Id_705	Sarcastic
705	Id_706	Non-sarcastic
706	Id_707	Non-sarcastic
707	Id_708	Non-sarcastic
708	Id_709	Non-sarcastic
709	Id_710	Non-sarcastic
710	Id_711	Non-sarcastic
711	Id_712	Non-sarcastic
712	Id_713	Non-sarcastic
713	Id_714	Non-sarcastic
714	Id_715	Non-sarcastic
715	Id_716	Non-sarcastic
716	Id_717	Non-sarcastic
717	Id_718	Non-sarcastic
718	Id_719	Non-sarcastic
719	Id_720	Non-sarcastic
720	Id_721	Non-sarcastic
721	Id_722	Non-sarcastic
722	Id_723	Non-sarcastic
723	Id_724	Non-sarcastic
724	Id_725	Sarcastic
725	Id_726	Non-sarcastic
726	Id_727	Sarcastic
727	Id_728	Non-sarcastic
728	Id_729	Non-sarcastic
729	Id_730	Non-sarcastic
730	Id_731	Non-sarcastic
731	Id_732	Non-sarcastic
732	Id_733	Non-sarcastic
733	Id_734	Sarcastic
734	Id_735	Non-sarcastic
735	Id_736	Non-sarcastic
736	Id_737	Non-sarcastic
737	Id_738	Non-sarcastic
738	Id_739	Non-sarcastic
739	Id_740	Non-sarcastic
740	Id_741	Non-sarcastic
741	Id_742	Non-sarcastic
742	Id_743	Non-sarcastic
743	Id_744	Sarcastic
744	Id_745	Non-sarcastic
745	Id_746	Non-sarcastic
746	Id_747	Non-sarcastic
747	Id_748	Non-sarcastic
748	Id_749	Non-sarcastic
749	Id_750	Non-sarcastic
750	Id_751	Non-sarcastic
751	Id_752	Non-sarcastic
752	Id_753	Non-sarcastic
753	Id_754	Non-sarcastic
754	Id_755	Non-sarcastic
755	Id_756	Non-sarcastic
756	Id_757	Non-sarcastic
757	Id_758	Non-sarcastic
758	Id_759	Non-sarcastic
759	Id_760	Non-sarcastic
760	Id_761	Non-sarcastic
761	Id_762	Non-sarcastic
762	Id_763	Non-sarcastic
763	Id_764	Non-sarcastic
764	Id_765	Non-sarcastic
765	Id_766	Sarcastic
766	Id_767	Non-sarcastic
767	Id_768	Non-sarcastic
768	Id_769	Non-sarcastic
769	Id_770	Non-sarcastic
770	Id_771	Non-sarcastic
771	Id_772	Non-sarcastic
772	Id_773	Non-sarcastic
773	Id_774	Non-sarcastic
774	Id_775	Non-sarcastic
775	Id_776	Non-sarcastic
776	Id_777	Non-sarcastic
777	Id_778	Non-sarcastic
778	Id_779	Non-sarcastic
779	Id_780	Sarcastic
780	Id_781	Non-sarcastic
781	Id_782	Non-sarcastic
782	Id_783	Sarcastic
783	Id_784	Non-sarcastic
784	Id_785	Non-sarcastic
785	Id_786	Non-sarcastic
786	Id_787	Non-sarcastic
787	Id_788	Non-sarcastic
788	Id_789	Non-sarcastic
789	Id_790	Non-sarcastic
790	Id_791	Non-sarcastic
791	Id_792	Sarcastic
792	Id_793	Non-sarcastic
793	Id_794	Non-sarcastic
794	Id_795	Non-sarcastic
795	Id_796	Non-sarcastic
796	Id_797	Non-sarcastic
797	Id_798	Non-sarcastic
798	Id_799	Non-sarcastic
799	Id_800	Non-sarcastic
800	Id_801	Non-sarcastic
801	Id_802	Non-sarcastic
802	Id_803	Non-sarcastic
803	Id_804	Non-sarcastic
804	Id_805	Non-sarcastic
805	Id_806	Non-sarcastic
806	Id_807	Non-sarcastic
807	Id_808	Non-sarcastic
808	Id_809	Non-sarcastic
809	Id_810	Non-sarcastic
810	Id_811	Non-sarcastic
811	Id_812	Non-sarcastic
812	Id_813	Non-sarcastic
813	Id_814	Non-sarcastic
814	Id_815	Non-sarcastic
815	Id_816	Non-sarcastic
816	Id_817	Non-sarcastic
817	Id_818	Non-sarcastic
818	Id_819	Non-sarcastic
819	Id_820	Non-sarcastic
820	Id_821	Non-sarcastic
821	Id_822	Non-sarcastic
822	Id_823	Non-sarcastic
823	Id_824	Non-sarcastic
824	Id_825	Non-sarcastic
825	Id_826	Non-sarcastic
826	Id_827	Non-sarcastic
827	Id_828	Non-sarcastic
828	Id_829	Non-sarcastic
829	Id_830	Sarcastic
830	Id_831	Non-sarcastic
831	Id_832	Non-sarcastic
832	Id_833	Non-sarcastic
833	Id_834	Non-sarcastic
834	Id_835	Non-sarcastic
835	Id_836	Sarcastic
836	Id_837	Non-sarcastic
837	Id_838	Non-sarcastic
838	Id_839	Non-sarcastic
839	Id_840	Sarcastic
840	Id_841	Non-sarcastic
841	Id_842	Non-sarcastic
842	Id_843	Non-sarcastic
843	Id_844	Sarcastic
844	Id_845	Non-sarcastic
845	Id_846	Non-sarcastic
846	Id_847	Non-sarcastic
847	Id_848	Non-sarcastic
848	Id_849	Non-sarcastic
849	Id_850	Non-sarcastic
850	Id_851	Non-sarcastic
851	Id_852	Sarcastic
852	Id_853	Non-sarcastic
853	Id_854	Non-sarcastic
854	Id_855	Non-sarcastic
855	Id_856	Non-sarcastic
856	Id_857	Non-sarcastic
857	Id_858	Non-sarcastic
858	Id_859	Non-sarcastic
859	Id_860	Non-sarcastic
860	Id_861	Non-sarcastic
861	Id_862	Non-sarcastic
862	Id_863	Non-sarcastic
863	Id_864	Non-sarcastic
864	Id_865	Non-sarcastic
865	Id_866	Non-sarcastic
866	Id_867	Sarcastic
867	Id_868	Non-sarcastic
868	Id_869	Non-sarcastic
869	Id_870	Non-sarcastic
870	Id_871	Non-sarcastic
871	Id_872	Non-sarcastic
872	Id_873	Non-sarcastic
873	Id_874	Non-sarcastic
874	Id_875	Non-sarcastic
875	Id_876	Non-sarcastic
876	Id_877	Non-sarcastic
877	Id_878	Non-sarcastic
878	Id_879	Non-sarcastic
879	Id_880	Sarcastic
880	Id_881	Non-sarcastic
881	Id_882	Non-sarcastic
882	Id_883	Non-sarcastic
883	Id_884	Non-sarcastic
884	Id_885	Non-sarcastic
885	Id_886	Non-sarcastic
886	Id_887	Sarcastic
887	Id_888	Non-sarcastic
888	Id_889	Non-sarcastic
889	Id_890	Non-sarcastic
890	Id_891	Sarcastic
891	Id_892	Non-sarcastic
892	Id_893	Non-sarcastic
893	Id_894	Non-sarcastic
894	Id_895	Non-sarcastic
895	Id_896	Non-sarcastic
896	Id_897	Non-sarcastic
897	Id_898	Non-sarcastic
898	Id_899	Non-sarcastic
899	Id_900	Non-sarcastic
900	Id_901	Non-sarcastic
901	Id_902	Non-sarcastic
902	Id_903	Non-sarcastic
903	Id_904	Non-sarcastic
904	Id_905	Non-sarcastic
905	Id_906	Non-sarcastic
906	Id_907	Non-sarcastic
907	Id_908	Non-sarcastic
908	Id_909	Non-sarcastic
909	Id_910	Sarcastic
910	Id_911	Non-sarcastic
911	Id_912	Non-sarcastic
912	Id_913	Non-sarcastic
913	Id_914	Non-sarcastic
914	Id_915	Non-sarcastic
915	Id_916	Non-sarcastic
916	Id_917	Sarcastic
917	Id_918	Non-sarcastic
918	Id_919	Non-sarcastic
919	Id_920	Non-sarcastic
920	Id_921	Non-sarcastic
921	Id_922	Non-sarcastic
922	Id_923	Non-sarcastic
923	Id_924	Non-sarcastic
924	Id_925	Non-sarcastic
925	Id_926	Non-sarcastic
926	Id_927	Non-sarcastic
927	Id_928	Non-sarcastic
928	Id_929	Non-sarcastic
929	Id_930	Non-sarcastic
930	Id_931	Non-sarcastic
931	Id_932	Non-sarcastic
932	Id_933	Non-sarcastic
933	Id_934	Non-sarcastic
934	Id_935	Non-sarcastic
935	Id_936	Non-sarcastic
936	Id_937	Non-sarcastic
937	Id_938	Non-sarcastic
938	Id_939	Non-sarcastic
939	Id_940	Non-sarcastic
940	Id_941	Non-sarcastic
941	Id_942	Non-sarcastic
942	Id_943	Non-sarcastic
943	Id_944	Non-sarcastic
944	Id_945	Non-sarcastic
945	Id_946	Non-sarcastic
946	Id_947	Non-sarcastic
947	Id_948	Non-sarcastic
948	Id_949	Non-sarcastic
949	Id_950	Non-sarcastic
950	Id_951	Non-sarcastic
951	Id_952	Non-sarcastic
952	Id_953	Non-sarcastic
953	Id_954	Non-sarcastic
954	Id_955	Non-sarcastic
955	Id_956	Non-sarcastic
956	Id_957	Sarcastic
957	Id_958	Non-sarcastic
958	Id_959	Non-sarcastic
959	Id_960	Sarcastic
960	Id_961	Non-sarcastic
961	Id_962	Non-sarcastic
962	Id_963	Non-sarcastic
963	Id_964	Non-sarcastic
964	Id_965	Non-sarcastic
965	Id_966	Non-sarcastic
966	Id_967	Non-sarcastic
967	Id_968	Non-sarcastic
968	Id_969	Non-sarcastic
969	Id_970	Sarcastic
970	Id_971	Non-sarcastic
971	Id_972	Non-sarcastic
972	Id_973	Non-sarcastic
973	Id_974	Non-sarcastic
974	Id_975	Non-sarcastic
975	Id_976	Non-sarcastic
976	Id_977	Sarcastic
977	Id_978	Non-sarcastic
978	Id_979	Non-sarcastic
979	Id_980	Non-sarcastic
980	Id_981	Non-sarcastic
981	Id_982	Non-sarcastic
982	Id_983	Non-sarcastic
983	Id_984	Non-sarcastic
984	Id_985	Non-sarcastic
985	Id_986	Non-sarcastic
986	Id_987	Non-sarcastic
987	Id_988	Sarcastic
988	Id_989	Non-sarcastic
989	Id_990	Non-sarcastic
990	Id_991	Non-sarcastic
991	Id_992	Non-sarcastic
992	Id_993	Non-sarcastic
993	Id_994	Non-sarcastic
994	Id_995	Non-sarcastic
995	Id_996	Non-sarcastic
996	Id_997	Non-sarcastic
997	Id_998	Sarcastic
998	Id_999	Non-sarcastic
999	Id_1000	Sarcastic
1000	Id_1001	Non-sarcastic
1001	Id_1002	Non-sarcastic
1002	Id_1003	Non-sarcastic
1003	Id_1004	Non-sarcastic
1004	Id_1005	Non-sarcastic
1005	Id_1006	Non-sarcastic
1006	Id_1007	Non-sarcastic
1007	Id_1008	Non-sarcastic
1008	Id_1009	Sarcastic
1009	Id_1010	Non-sarcastic
1010	Id_1011	Non-sarcastic
1011	Id_1012	Non-sarcastic
1012	Id_1013	Non-sarcastic
1013	Id_1014	Sarcastic
1014	Id_1015	Non-sarcastic
1015	Id_1016	Non-sarcastic
1016	Id_1017	Non-sarcastic
1017	Id_1018	Sarcastic
1018	Id_1019	Non-sarcastic
1019	Id_1020	Sarcastic
1020	Id_1021	Non-sarcastic
1021	Id_1022	Non-sarcastic
1022	Id_1023	Non-sarcastic
1023	Id_1024	Non-sarcastic
1024	Id_1025	Non-sarcastic
1025	Id_1026	Non-sarcastic
1026	Id_1027	Non-sarcastic
1027	Id_1028	Sarcastic
1028	Id_1029	Non-sarcastic
1029	Id_1030	Non-sarcastic
1030	Id_1031	Sarcastic
1031	Id_1032	Non-sarcastic
1032	Id_1033	Non-sarcastic
1033	Id_1034	Sarcastic
1034	Id_1035	Non-sarcastic
1035	Id_1036	Non-sarcastic
1036	Id_1037	Non-sarcastic
1037	Id_1038	Non-sarcastic
1038	Id_1039	Non-sarcastic
1039	Id_1040	Sarcastic
1040	Id_1041	Non-sarcastic
1041	Id_1042	Non-sarcastic
1042	Id_1043	Non-sarcastic
1043	Id_1044	Non-sarcastic
1044	Id_1045	Non-sarcastic
1045	Id_1046	Non-sarcastic
1046	Id_1047	Non-sarcastic
1047	Id_1048	Non-sarcastic
1048	Id_1049	Non-sarcastic
1049	Id_1050	Non-sarcastic
1050	Id_1051	Non-sarcastic
1051	Id_1052	Non-sarcastic
1052	Id_1053	Non-sarcastic
1053	Id_1054	Non-sarcastic
1054	Id_1055	Non-sarcastic
1055	Id_1056	Sarcastic
1056	Id_1057	Non-sarcastic
1057	Id_1058	Non-sarcastic
1058	Id_1059	Non-sarcastic
1059	Id_1060	Non-sarcastic
1060	Id_1061	Non-sarcastic
1061	Id_1062	Non-sarcastic
1062	Id_1063	Non-sarcastic
1063	Id_1064	Non-sarcastic
1064	Id_1065	Non-sarcastic
1065	Id_1066	Non-sarcastic
1066	Id_1067	Sarcastic
1067	Id_1068	Sarcastic
1068	Id_1069	Non-sarcastic
1069	Id_1070	Non-sarcastic
1070	Id_1071	Non-sarcastic
1071	Id_1072	Sarcastic
1072	Id_1073	Sarcastic
1073	Id_1074	Non-sarcastic
1074	Id_1075	Non-sarcastic
1075	Id_1076	Non-sarcastic
1076	Id_1077	Non-sarcastic
1077	Id_1078	Non-sarcastic
1078	Id_1079	Sarcastic
1079	Id_1080	Sarcastic
1080	Id_1081	Non-sarcastic
1081	Id_1082	Non-sarcastic
1082	Id_1083	Non-sarcastic
1083	Id_1084	Sarcastic
1084	Id_1085	Non-sarcastic
1085	Id_1086	Non-sarcastic
1086	Id_1087	Non-sarcastic
1087	Id_1088	Sarcastic
1088	Id_1089	Non-sarcastic
1089	Id_1090	Non-sarcastic
1090	Id_1091	Sarcastic
1091	Id_1092	Non-sarcastic
1092	Id_1093	Non-sarcastic
1093	Id_1094	Non-sarcastic
1094	Id_1095	Non-sarcastic
1095	Id_1096	Sarcastic
1096	Id_1097	Non-sarcastic
1097	Id_1098	Non-sarcastic
1098	Id_1099	Non-sarcastic
1099	Id_1100	Non-sarcastic
1100	Id_1101	Non-sarcastic
1101	Id_1102	Non-sarcastic
1102	Id_1103	Non-sarcastic
1103	Id_1104	Non-sarcastic
1104	Id_1105	Non-sarcastic
1105	Id_1106	Non-sarcastic
1106	Id_1107	Non-sarcastic
1107	Id_1108	Non-sarcastic
1108	Id_1109	Non-sarcastic
1109	Id_1110	Non-sarcastic
1110	Id_1111	Non-sarcastic
1111	Id_1112	Non-sarcastic
1112	Id_1113	Non-sarcastic
1113	Id_1114	Non-sarcastic
1114	Id_1115	Sarcastic
1115	Id_1116	Non-sarcastic
1116	Id_1117	Non-sarcastic
1117	Id_1118	Non-sarcastic
1118	Id_1119	Non-sarcastic
1119	Id_1120	Sarcastic
1120	Id_1121	Non-sarcastic
1121	Id_1122	Sarcastic
1122	Id_1123	Non-sarcastic
1123	Id_1124	Non-sarcastic
1124	Id_1125	Non-sarcastic
1125	Id_1126	Non-sarcastic
1126	Id_1127	Non-sarcastic
1127	Id_1128	Non-sarcastic
1128	Id_1129	Non-sarcastic
1129	Id_1130	Non-sarcastic
1130	Id_1131	Sarcastic
1131	Id_1132	Non-sarcastic
1132	Id_1133	Non-sarcastic
1133	Id_1134	Non-sarcastic
1134	Id_1135	Non-sarcastic
1135	Id_1136	Non-sarcastic
1136	Id_1137	Non-sarcastic
1137	Id_1138	Non-sarcastic
1138	Id_1139	Non-sarcastic
1139	Id_1140	Non-sarcastic
1140	Id_1141	Non-sarcastic
1141	Id_1142	Non-sarcastic
1142	Id_1143	Non-sarcastic
1143	Id_1144	Non-sarcastic
1144	Id_1145	Non-sarcastic
1145	Id_1146	Non-sarcastic
1146	Id_1147	Non-sarcastic
1147	Id_1148	Non-sarcastic
1148	Id_1149	Non-sarcastic
1149	Id_1150	Non-sarcastic
1150	Id_1151	Non-sarcastic
1151	Id_1152	Non-sarcastic
1152	Id_1153	Non-sarcastic
1153	Id_1154	Non-sarcastic
1154	Id_1155	Non-sarcastic
1155	Id_1156	Non-sarcastic
1156	Id_1157	Non-sarcastic
1157	Id_1158	Non-sarcastic
1158	Id_1159	Non-sarcastic
1159	Id_1160	Non-sarcastic
1160	Id_1161	Non-sarcastic
1161	Id_1162	Non-sarcastic
1162	Id_1163	Non-sarcastic
1163	Id_1164	Non-sarcastic
1164	Id_1165	Non-sarcastic
1165	Id_1166	Non-sarcastic
1166	Id_1167	Non-sarcastic
1167	Id_1168	Non-sarcastic
1168	Id_1169	Non-sarcastic
1169	Id_1170	Non-sarcastic
1170	Id_1171	Non-sarcastic
1171	Id_1172	Non-sarcastic
1172	Id_1173	Non-sarcastic
1173	Id_1174	Non-sarcastic
1174	Id_1175	Non-sarcastic
1175	Id_1176	Non-sarcastic
1176	Id_1177	Non-sarcastic
1177	Id_1178	Non-sarcastic
1178	Id_1179	Non-sarcastic
1179	Id_1180	Non-sarcastic
1180	Id_1181	Non-sarcastic
1181	Id_1182	Non-sarcastic
1182	Id_1183	Non-sarcastic
1183	Id_1184	Non-sarcastic
1184	Id_1185	Non-sarcastic
1185	Id_1186	Non-sarcastic
1186	Id_1187	Sarcastic
1187	Id_1188	Sarcastic
1188	Id_1189	Non-sarcastic
1189	Id_1190	Non-sarcastic
1190	Id_1191	Non-sarcastic
1191	Id_1192	Sarcastic
1192	Id_1193	Non-sarcastic
1193	Id_1194	Non-sarcastic
1194	Id_1195	Non-sarcastic
1195	Id_1196	Non-sarcastic
1196	Id_1197	Non-sarcastic
1197	Id_1198	Non-sarcastic
1198	Id_1199	Non-sarcastic
1199	Id_1200	Non-sarcastic
1200	Id_1201	Non-sarcastic
1201	Id_1202	Non-sarcastic
1202	Id_1203	Non-sarcastic
1203	Id_1204	Non-sarcastic
1204	Id_1205	Non-sarcastic
1205	Id_1206	Non-sarcastic
1206	Id_1207	Non-sarcastic
1207	Id_1208	Sarcastic
1208	Id_1209	Non-sarcastic
1209	Id_1210	Non-sarcastic
1210	Id_1211	Non-sarcastic
1211	Id_1212	Non-sarcastic
1212	Id_1213	Non-sarcastic
1213	Id_1214	Non-sarcastic
1214	Id_1215	Non-sarcastic
1215	Id_1216	Non-sarcastic
1216	Id_1217	Non-sarcastic
1217	Id_1218	Sarcastic
1218	Id_1219	Non-sarcastic
1219	Id_1220	Non-sarcastic
1220	Id_1221	Non-sarcastic
1221	Id_1222	Non-sarcastic
1222	Id_1223	Non-sarcastic
1223	Id_1224	Non-sarcastic
1224	Id_1225	Non-sarcastic
1225	Id_1226	Non-sarcastic
1226	Id_1227	Non-sarcastic
1227	Id_1228	Non-sarcastic
1228	Id_1229	Non-sarcastic
1229	Id_1230	Non-sarcastic
1230	Id_1231	Sarcastic
1231	Id_1232	Non-sarcastic
1232	Id_1233	Non-sarcastic
1233	Id_1234	Non-sarcastic
1234	Id_1235	Non-sarcastic
1235	Id_1236	Non-sarcastic
1236	Id_1237	Non-sarcastic
1237	Id_1238	Non-sarcastic
1238	Id_1239	Sarcastic
1239	Id_1240	Non-sarcastic
1240	Id_1241	Non-sarcastic
1241	Id_1242	Non-sarcastic
1242	Id_1243	Sarcastic
1243	Id_1244	Non-sarcastic
1244	Id_1245	Sarcastic
1245	Id_1246	Non-sarcastic
1246	Id_1247	Sarcastic
1247	Id_1248	Non-sarcastic
1248	Id_1249	Non-sarcastic
1249	Id_1250	Non-sarcastic
1250	Id_1251	Non-sarcastic
1251	Id_1252	Non-sarcastic
1252	Id_1253	Non-sarcastic
1253	Id_1254	Non-sarcastic
1254	Id_1255	Sarcastic
1255	Id_1256	Non-sarcastic
1256	Id_1257	Non-sarcastic
1257	Id_1258	Non-sarcastic
1258	Id_1259	Non-sarcastic
1259	Id_1260	Non-sarcastic
1260	Id_1261	Non-sarcastic
1261	Id_1262	Non-sarcastic
1262	Id_1263	Non-sarcastic
1263	Id_1264	Non-sarcastic
1264	Id_1265	Non-sarcastic
1265	Id_1266	Non-sarcastic
1266	Id_1267	Non-sarcastic
1267	Id_1268	Non-sarcastic
1268	Id_1269	Non-sarcastic
1269	Id_1270	Non-sarcastic
1270	Id_1271	Non-sarcastic
1271	Id_1272	Sarcastic
1272	Id_1273	Non-sarcastic
1273	Id_1274	Non-sarcastic
1274	Id_1275	Sarcastic
1275	Id_1276	Non-sarcastic
1276	Id_1277	Non-sarcastic
1277	Id_1278	Non-sarcastic
1278	Id_1279	Non-sarcastic
1279	Id_1280	Non-sarcastic
1280	Id_1281	Non-sarcastic
1281	Id_1282	Non-sarcastic
1282	Id_1283	Non-sarcastic
1283	Id_1284	Sarcastic
1284	Id_1285	Sarcastic
1285	Id_1286	Non-sarcastic
1286	Id_1287	Non-sarcastic
1287	Id_1288	Non-sarcastic
1288	Id_1289	Non-sarcastic
1289	Id_1290	Non-sarcastic
1290	Id_1291	Non-sarcastic
1291	Id_1292	Sarcastic
1292	Id_1293	Non-sarcastic
1293	Id_1294	Non-sarcastic
1294	Id_1295	Non-sarcastic
1295	Id_1296	Non-sarcastic
1296	Id_1297	Non-sarcastic
1297	Id_1298	Non-sarcastic
1298	Id_1299	Non-sarcastic
1299	Id_1300	Non-sarcastic
1300	Id_1301	Non-sarcastic
1301	Id_1302	Non-sarcastic
1302	Id_1303	Non-sarcastic
1303	Id_1304	Non-sarcastic
1304	Id_1305	Non-sarcastic
1305	Id_1306	Non-sarcastic
1306	Id_1307	Non-sarcastic
1307	Id_1308	Non-sarcastic
1308	Id_1309	Non-sarcastic
1309	Id_1310	Non-sarcastic
1310	Id_1311	Sarcastic
1311	Id_1312	Sarcastic
1312	Id_1313	Non-sarcastic
1313	Id_1314	Non-sarcastic
1314	Id_1315	Non-sarcastic
1315	Id_1316	Non-sarcastic
1316	Id_1317	Non-sarcastic
1317	Id_1318	Non-sarcastic
1318	Id_1319	Non-sarcastic
1319	Id_1320	Non-sarcastic
1320	Id_1321	Non-sarcastic
1321	Id_1322	Non-sarcastic
1322	Id_1323	Non-sarcastic
1323	Id_1324	Sarcastic
1324	Id_1325	Non-sarcastic
1325	Id_1326	Non-sarcastic
1326	Id_1327	Non-sarcastic
1327	Id_1328	Sarcastic
1328	Id_1329	Non-sarcastic
1329	Id_1330	Non-sarcastic
1330	Id_1331	Non-sarcastic
1331	Id_1332	Non-sarcastic
1332	Id_1333	Sarcastic
1333	Id_1334	Non-sarcastic
1334	Id_1335	Non-sarcastic
1335	Id_1336	Non-sarcastic
1336	Id_1337	Non-sarcastic
1337	Id_1338	Non-sarcastic
1338	Id_1339	Non-sarcastic
1339	Id_1340	Non-sarcastic
1340	Id_1341	Non-sarcastic
1341	Id_1342	Non-sarcastic
1342	Id_1343	Non-sarcastic
1343	Id_1344	Sarcastic
1344	Id_1345	Non-sarcastic
1345	Id_1346	Non-sarcastic
1346	Id_1347	Non-sarcastic
1347	Id_1348	Non-sarcastic
1348	Id_1349	Non-sarcastic
1349	Id_1350	Non-sarcastic
1350	Id_1351	Non-sarcastic
1351	Id_1352	Non-sarcastic
1352	Id_1353	Non-sarcastic
1353	Id_1354	Non-sarcastic
1354	Id_1355	Sarcastic
1355	Id_1356	Non-sarcastic
1356	Id_1357	Non-sarcastic
1357	Id_1358	Non-sarcastic
1358	Id_1359	Non-sarcastic
1359	Id_1360	Non-sarcastic
1360	Id_1361	Non-sarcastic
1361	Id_1362	Non-sarcastic
1362	Id_1363	Non-sarcastic
1363	Id_1364	Sarcastic
1364	Id_1365	Non-sarcastic
1365	Id_1366	Non-sarcastic
1366	Id_1367	Non-sarcastic
1367	Id_1368	Non-sarcastic
1368	Id_1369	Sarcastic
1369	Id_1370	Sarcastic
1370	Id_1371	Non-sarcastic
1371	Id_1372	Non-sarcastic
1372	Id_1373	Sarcastic
1373	Id_1374	Sarcastic
1374	Id_1375	Non-sarcastic
1375	Id_1376	Sarcastic
1376	Id_1377	Non-sarcastic
1377	Id_1378	Non-sarcastic
1378	Id_1379	Non-sarcastic
1379	Id_1380	Non-sarcastic
1380	Id_1381	Sarcastic
1381	Id_1382	Non-sarcastic
1382	Id_1383	Non-sarcastic
1383	Id_1384	Non-sarcastic
1384	Id_1385	Non-sarcastic
1385	Id_1386	Non-sarcastic
1386	Id_1387	Non-sarcastic
1387	Id_1388	Non-sarcastic
1388	Id_1389	Non-sarcastic
1389	Id_1390	Non-sarcastic
1390	Id_1391	Non-sarcastic
1391	Id_1392	Non-sarcastic
1392	Id_1393	Non-sarcastic
1393	Id_1394	Non-sarcastic
1394	Id_1395	Non-sarcastic
1395	Id_1396	Non-sarcastic
1396	Id_1397	Non-sarcastic
1397	Id_1398	Non-sarcastic
1398	Id_1399	Non-sarcastic
1399	Id_1400	Non-sarcastic
1400	Id_1401	Non-sarcastic
1401	Id_1402	Sarcastic
1402	Id_1403	Non-sarcastic
1403	Id_1404	Non-sarcastic
1404	Id_1405	Sarcastic
1405	Id_1406	Sarcastic
1406	Id_1407	Non-sarcastic
1407	Id_1408	Non-sarcastic
1408	Id_1409	Non-sarcastic
1409	Id_1410	Non-sarcastic
1410	Id_1411	Non-sarcastic
1411	Id_1412	Non-sarcastic
1412	Id_1413	Non-sarcastic
1413	Id_1414	Non-sarcastic
1414	Id_1415	Non-sarcastic
1415	Id_1416	Non-sarcastic
1416	Id_1417	Non-sarcastic
1417	Id_1418	Non-sarcastic
1418	Id_1419	Non-sarcastic
1419	Id_1420	Non-sarcastic
1420	Id_1421	Non-sarcastic
1421	Id_1422	Non-sarcastic
1422	Id_1423	Non-sarcastic
1423	Id_1424	Non-sarcastic
1424	Id_1425	Non-sarcastic
1425	Id_1426	Non-sarcastic
1426	Id_1427	Non-sarcastic
1427	Id_1428	Non-sarcastic
1428	Id_1429	Non-sarcastic
1429	Id_1430	Non-sarcastic
1430	Id_1431	Non-sarcastic
1431	Id_1432	Non-sarcastic
1432	Id_1433	Non-sarcastic
1433	Id_1434	Non-sarcastic
1434	Id_1435	Non-sarcastic
1435	Id_1436	Non-sarcastic
1436	Id_1437	Non-sarcastic
1437	Id_1438	Non-sarcastic
1438	Id_1439	Non-sarcastic
1439	Id_1440	Non-sarcastic
1440	Id_1441	Non-sarcastic
1441	Id_1442	Sarcastic
1442	Id_1443	Non-sarcastic
1443	Id_1444	Non-sarcastic
1444	Id_1445	Non-sarcastic
1445	Id_1446	Non-sarcastic
1446	Id_1447	Non-sarcastic
1447	Id_1448	Non-sarcastic
1448	Id_1449	Non-sarcastic
1449	Id_1450	Non-sarcastic
1450	Id_1451	Non-sarcastic
1451	Id_1452	Non-sarcastic
1452	Id_1453	Non-sarcastic
1453	Id_1454	Non-sarcastic
1454	Id_1455	Non-sarcastic
1455	Id_1456	Non-sarcastic
1456	Id_1457	Non-sarcastic
1457	Id_1458	Non-sarcastic
1458	Id_1459	Non-sarcastic
1459	Id_1460	Non-sarcastic
1460	Id_1461	Non-sarcastic
1461	Id_1462	Non-sarcastic
1462	Id_1463	Non-sarcastic
1463	Id_1464	Non-sarcastic
1464	Id_1465	Non-sarcastic
1465	Id_1466	Sarcastic
1466	Id_1467	Non-sarcastic
1467	Id_1468	Non-sarcastic
1468	Id_1469	Non-sarcastic
1469	Id_1470	Non-sarcastic
1470	Id_1471	Non-sarcastic
1471	Id_1472	Non-sarcastic
1472	Id_1473	Non-sarcastic
1473	Id_1474	Non-sarcastic
1474	Id_1475	Sarcastic
1475	Id_1476	Non-sarcastic
1476	Id_1477	Non-sarcastic
1477	Id_1478	Sarcastic
1478	Id_1479	Non-sarcastic
1479	Id_1480	Non-sarcastic
1480	Id_1481	Non-sarcastic
1481	Id_1482	Non-sarcastic
1482	Id_1483	Non-sarcastic
1483	Id_1484	Non-sarcastic
1484	Id_1485	Non-sarcastic
1485	Id_1486	Non-sarcastic
1486	Id_1487	Non-sarcastic
1487	Id_1488	Non-sarcastic
1488	Id_1489	Non-sarcastic
1489	Id_1490	Non-sarcastic
1490	Id_1491	Non-sarcastic
1491	Id_1492	Non-sarcastic
1492	Id_1493	Sarcastic
1493	Id_1494	Sarcastic
1494	Id_1495	Non-sarcastic
1495	Id_1496	Non-sarcastic
1496	Id_1497	Non-sarcastic
1497	Id_1498	Non-sarcastic
1498	Id_1499	Non-sarcastic
1499	Id_1500	Non-sarcastic
1500	Id_1501	Non-sarcastic
1501	Id_1502	Non-sarcastic
1502	Id_1503	Non-sarcastic
1503	Id_1504	Non-sarcastic
1504	Id_1505	Non-sarcastic
1505	Id_1506	Non-sarcastic
1506	Id_1507	Non-sarcastic
1507	Id_1508	Non-sarcastic
1508	Id_1509	Non-sarcastic
1509	Id_1510	Non-sarcastic
1510	Id_1511	Sarcastic
1511	Id_1512	Non-sarcastic
1512	Id_1513	Non-sarcastic
1513	Id_1514	Non-sarcastic
1514	Id_1515	Non-sarcastic
1515	Id_1516	Non-sarcastic
1516	Id_1517	Sarcastic
1517	Id_1518	Non-sarcastic
1518	Id_1519	Non-sarcastic
1519	Id_1520	Non-sarcastic
1520	Id_1521	Non-sarcastic
1521	Id_1522	Non-sarcastic
1522	Id_1523	Non-sarcastic
1523	Id_1524	Sarcastic
1524	Id_1525	Non-sarcastic
1525	Id_1526	Non-sarcastic
1526	Id_1527	Non-sarcastic
1527	Id_1528	Non-sarcastic
1528	Id_1529	Non-sarcastic
1529	Id_1530	Non-sarcastic
1530	Id_1531	Non-sarcastic
1531	Id_1532	Non-sarcastic
1532	Id_1533	Non-sarcastic
1533	Id_1534	Sarcastic
1534	Id_1535	Non-sarcastic
1535	Id_1536	Non-sarcastic
1536	Id_1537	Non-sarcastic
1537	Id_1538	Non-sarcastic
1538	Id_1539	Non-sarcastic
1539	Id_1540	Sarcastic
1540	Id_1541	Non-sarcastic
1541	Id_1542	Non-sarcastic
1542	Id_1543	Non-sarcastic
1543	Id_1544	Non-sarcastic
1544	Id_1545	Non-sarcastic
1545	Id_1546	Non-sarcastic
1546	Id_1547	Non-sarcastic
1547	Id_1548	Non-sarcastic
1548	Id_1549	Non-sarcastic
1549	Id_1550	Non-sarcastic
1550	Id_1551	Non-sarcastic
1551	Id_1552	Non-sarcastic
1552	Id_1553	Non-sarcastic
1553	Id_1554	Non-sarcastic
1554	Id_1555	Non-sarcastic
1555	Id_1556	Non-sarcastic
1556	Id_1557	Non-sarcastic
1557	Id_1558	Non-sarcastic
1558	Id_1559	Non-sarcastic
1559	Id_1560	Sarcastic
1560	Id_1561	Sarcastic
1561	Id_1562	Non-sarcastic
1562	Id_1563	Non-sarcastic
1563	Id_1564	Non-sarcastic
1564	Id_1565	Non-sarcastic
1565	Id_1566	Non-sarcastic
1566	Id_1567	Non-sarcastic
1567	Id_1568	Non-sarcastic
1568	Id_1569	Non-sarcastic
1569	Id_1570	Non-sarcastic
1570	Id_1571	Non-sarcastic
1571	Id_1572	Non-sarcastic
1572	Id_1573	Non-sarcastic
1573	Id_1574	Non-sarcastic
1574	Id_1575	Non-sarcastic
1575	Id_1576	Non-sarcastic
1576	Id_1577	Sarcastic
1577	Id_1578	Non-sarcastic
1578	Id_1579	Non-sarcastic
1579	Id_1580	Non-sarcastic
1580	Id_1581	Non-sarcastic
1581	Id_1582	Non-sarcastic
1582	Id_1583	Non-sarcastic
1583	Id_1584	Non-sarcastic
1584	Id_1585	Non-sarcastic
1585	Id_1586	Non-sarcastic
1586	Id_1587	Non-sarcastic
1587	Id_1588	Non-sarcastic
1588	Id_1589	Non-sarcastic
1589	Id_1590	Non-sarcastic
1590	Id_1591	Non-sarcastic
1591	Id_1592	Non-sarcastic
1592	Id_1593	Non-sarcastic
1593	Id_1594	Non-sarcastic
1594	Id_1595	Non-sarcastic
1595	Id_1596	Non-sarcastic
1596	Id_1597	Non-sarcastic
1597	Id_1598	Non-sarcastic
1598	Id_1599	Non-sarcastic
1599	Id_1600	Non-sarcastic
1600	Id_1601	Sarcastic
1601	Id_1602	Non-sarcastic
1602	Id_1603	Non-sarcastic
1603	Id_1604	Non-sarcastic
1604	Id_1605	Non-sarcastic
1605	Id_1606	Non-sarcastic
1606	Id_1607	Non-sarcastic
1607	Id_1608	Non-sarcastic
1608	Id_1609	Sarcastic
1609	Id_1610	Non-sarcastic
1610	Id_1611	Non-sarcastic
1611	Id_1612	Non-sarcastic
1612	Id_1613	Non-sarcastic
1613	Id_1614	Non-sarcastic
1614	Id_1615	Non-sarcastic
1615	Id_1616	Non-sarcastic
1616	Id_1617	Non-sarcastic
1617	Id_1618	Non-sarcastic
1618	Id_1619	Non-sarcastic
1619	Id_1620	Non-sarcastic
1620	Id_1621	Non-sarcastic
1621	Id_1622	Non-sarcastic
1622	Id_1623	Non-sarcastic
1623	Id_1624	Non-sarcastic
1624	Id_1625	Non-sarcastic
1625	Id_1626	Non-sarcastic
1626	Id_1627	Non-sarcastic
1627	Id_1628	Non-sarcastic
1628	Id_1629	Non-sarcastic
1629	Id_1630	Non-sarcastic
1630	Id_1631	Non-sarcastic
1631	Id_1632	Non-sarcastic
1632	Id_1633	Non-sarcastic
1633	Id_1634	Non-sarcastic
1634	Id_1635	Non-sarcastic
1635	Id_1636	Non-sarcastic
1636	Id_1637	Non-sarcastic
1637	Id_1638	Non-sarcastic
1638	Id_1639	Non-sarcastic
1639	Id_1640	Non-sarcastic
1640	Id_1641	Non-sarcastic
1641	Id_1642	Non-sarcastic
1642	Id_1643	Non-sarcastic
1643	Id_1644	Non-sarcastic
1644	Id_1645	Non-sarcastic
1645	Id_1646	Non-sarcastic
1646	Id_1647	Sarcastic
1647	Id_1648	Non-sarcastic
1648	Id_1649	Non-sarcastic
1649	Id_1650	Non-sarcastic
1650	Id_1651	Non-sarcastic
1651	Id_1652	Sarcastic
1652	Id_1653	Non-sarcastic
1653	Id_1654	Non-sarcastic
1654	Id_1655	Non-sarcastic
1655	Id_1656	Non-sarcastic
1656	Id_1657	Non-sarcastic
1657	Id_1658	Non-sarcastic
1658	Id_1659	Non-sarcastic
1659	Id_1660	Non-sarcastic
1660	Id_1661	Non-sarcastic
1661	Id_1662	Non-sarcastic
1662	Id_1663	Non-sarcastic
1663	Id_1664	Non-sarcastic
1664	Id_1665	Non-sarcastic
1665	Id_1666	Non-sarcastic
1666	Id_1667	Non-sarcastic
1667	Id_1668	Non-sarcastic
1668	Id_1669	Non-sarcastic
1669	Id_1670	Non-sarcastic
1670	Id_1671	Non-sarcastic
1671	Id_1672	Sarcastic
1672	Id_1673	Non-sarcastic
1673	Id_1674	Non-sarcastic
1674	Id_1675	Non-sarcastic
1675	Id_1676	Non-sarcastic
1676	Id_1677	Sarcastic
1677	Id_1678	Non-sarcastic
1678	Id_1679	Non-sarcastic
1679	Id_1680	Non-sarcastic
1680	Id_1681	Non-sarcastic
1681	Id_1682	Non-sarcastic
1682	Id_1683	Non-sarcastic
1683	Id_1684	Non-sarcastic
1684	Id_1685	Non-sarcastic
1685	Id_1686	Non-sarcastic
1686	Id_1687	Non-sarcastic
1687	Id_1688	Non-sarcastic
1688	Id_1689	Non-sarcastic
1689	Id_1690	Non-sarcastic
1690	Id_1691	Non-sarcastic
1691	Id_1692	Non-sarcastic
1692	Id_1693	Non-sarcastic
1693	Id_1694	Non-sarcastic
1694	Id_1695	Non-sarcastic
1695	Id_1696	Non-sarcastic
1696	Id_1697	Non-sarcastic
1697	Id_1698	Non-sarcastic
1698	Id_1699	Non-sarcastic
1699	Id_1700	Non-sarcastic
1700	Id_1701	Non-sarcastic
1701	Id_1702	Non-sarcastic
1702	Id_1703	Sarcastic
1703	Id_1704	Non-sarcastic
1704	Id_1705	Non-sarcastic
1705	Id_1706	Non-sarcastic
1706	Id_1707	Non-sarcastic
1707	Id_1708	Non-sarcastic
1708	Id_1709	Non-sarcastic
1709	Id_1710	Non-sarcastic
1710	Id_1711	Non-sarcastic
1711	Id_1712	Non-sarcastic
1712	Id_1713	Non-sarcastic
1713	Id_1714	Sarcastic
1714	Id_1715	Sarcastic
1715	Id_1716	Non-sarcastic
1716	Id_1717	Non-sarcastic
1717	Id_1718	Non-sarcastic
1718	Id_1719	Non-sarcastic
1719	Id_1720	Non-sarcastic
1720	Id_1721	Non-sarcastic
1721	Id_1722	Sarcastic
1722	Id_1723	Non-sarcastic
1723	Id_1724	Non-sarcastic
1724	Id_1725	Non-sarcastic
1725	Id_1726	Non-sarcastic
1726	Id_1727	Non-sarcastic
1727	Id_1728	Non-sarcastic
1728	Id_1729	Sarcastic
1729	Id_1730	Non-sarcastic
1730	Id_1731	Non-sarcastic
1731	Id_1732	Non-sarcastic
1732	Id_1733	Sarcastic
1733	Id_1734	Sarcastic
1734	Id_1735	Non-sarcastic
1735	Id_1736	Non-sarcastic
1736	Id_1737	Non-sarcastic
1737	Id_1738	Non-sarcastic
1738	Id_1739	Non-sarcastic
1739	Id_1740	Non-sarcastic
1740	Id_1741	Non-sarcastic
1741	Id_1742	Sarcastic
1742	Id_1743	Sarcastic
1743	Id_1744	Non-sarcastic
1744	Id_1745	Non-sarcastic
1745	Id_1746	Non-sarcastic
1746	Id_1747	Non-sarcastic
1747	Id_1748	Non-sarcastic
1748	Id_1749	Non-sarcastic
1749	Id_1750	Non-sarcastic
1750	Id_1751	Non-sarcastic
1751	Id_1752	Non-sarcastic
1752	Id_1753	Non-sarcastic
1753	Id_1754	Non-sarcastic
1754	Id_1755	Non-sarcastic
1755	Id_1756	Non-sarcastic
1756	Id_1757	Non-sarcastic
1757	Id_1758	Non-sarcastic
1758	Id_1759	Sarcastic
1759	Id_1760	Non-sarcastic
1760	Id_1761	Non-sarcastic
1761	Id_1762	Non-sarcastic
1762	Id_1763	Non-sarcastic
1763	Id_1764	Non-sarcastic
1764	Id_1765	Non-sarcastic
1765	Id_1766	Non-sarcastic
1766	Id_1767	Non-sarcastic
1767	Id_1768	Sarcastic
1768	Id_1769	Non-sarcastic
1769	Id_1770	Non-sarcastic
1770	Id_1771	Non-sarcastic
1771	Id_1772	Non-sarcastic
1772	Id_1773	Non-sarcastic
1773	Id_1774	Non-sarcastic
1774	Id_1775	Non-sarcastic
1775	Id_1776	Non-sarcastic
1776	Id_1777	Non-sarcastic
1777	Id_1778	Non-sarcastic
1778	Id_1779	Non-sarcastic
1779	Id_1780	Non-sarcastic
1780	Id_1781	Non-sarcastic
1781	Id_1782	Non-sarcastic
1782	Id_1783	Non-sarcastic
1783	Id_1784	Non-sarcastic
1784	Id_1785	Non-sarcastic
1785	Id_1786	Non-sarcastic
1786	Id_1787	Non-sarcastic
1787	Id_1788	Non-sarcastic
1788	Id_1789	Non-sarcastic
1789	Id_1790	Non-sarcastic
1790	Id_1791	Non-sarcastic
1791	Id_1792	Non-sarcastic
1792	Id_1793	Sarcastic
1793	Id_1794	Sarcastic
1794	Id_1795	Non-sarcastic
1795	Id_1796	Non-sarcastic
1796	Id_1797	Non-sarcastic
1797	Id_1798	Non-sarcastic
1798	Id_1799	Sarcastic
1799	Id_1800	Non-sarcastic
1800	Id_1801	Non-sarcastic
1801	Id_1802	Non-sarcastic
1802	Id_1803	Non-sarcastic
1803	Id_1804	Non-sarcastic
1804	Id_1805	Sarcastic
1805	Id_1806	Non-sarcastic
1806	Id_1807	Non-sarcastic
1807	Id_1808	Non-sarcastic
1808	Id_1809	Non-sarcastic
1809	Id_1810	Sarcastic
1810	Id_1811	Non-sarcastic
1811	Id_1812	Non-sarcastic
1812	Id_1813	Non-sarcastic
1813	Id_1814	Non-sarcastic
1814	Id_1815	Non-sarcastic
1815	Id_1816	Non-sarcastic
1816	Id_1817	Sarcastic
1817	Id_1818	Non-sarcastic
1818	Id_1819	Non-sarcastic
1819	Id_1820	Non-sarcastic
1820	Id_1821	Non-sarcastic
1821	Id_1822	Non-sarcastic
1822	Id_1823	Non-sarcastic
1823	Id_1824	Non-sarcastic
1824	Id_1825	Non-sarcastic
1825	Id_1826	Non-sarcastic
1826	Id_1827	Non-sarcastic
1827	Id_1828	Non-sarcastic
1828	Id_1829	Non-sarcastic
1829	Id_1830	Non-sarcastic
1830	Id_1831	Non-sarcastic
1831	Id_1832	Non-sarcastic
1832	Id_1833	Non-sarcastic
1833	Id_1834	Non-sarcastic
1834	Id_1835	Non-sarcastic
1835	Id_1836	Non-sarcastic
1836	Id_1837	Non-sarcastic
1837	Id_1838	Non-sarcastic
1838	Id_1839	Non-sarcastic
1839	Id_1840	Non-sarcastic
1840	Id_1841	Sarcastic
1841	Id_1842	Non-sarcastic
1842	Id_1843	Non-sarcastic
1843	Id_1844	Non-sarcastic
1844	Id_1845	Non-sarcastic
1845	Id_1846	Non-sarcastic
1846	Id_1847	Non-sarcastic
1847	Id_1848	Non-sarcastic
1848	Id_1849	Non-sarcastic
1849	Id_1850	Non-sarcastic
1850	Id_1851	Non-sarcastic
1851	Id_1852	Non-sarcastic
1852	Id_1853	Non-sarcastic
1853	Id_1854	Non-sarcastic
1854	Id_1855	Non-sarcastic
1855	Id_1856	Non-sarcastic
1856	Id_1857	Non-sarcastic
1857	Id_1858	Non-sarcastic
1858	Id_1859	Sarcastic
1859	Id_1860	Non-sarcastic
1860	Id_1861	Non-sarcastic
1861	Id_1862	Non-sarcastic
1862	Id_1863	Non-sarcastic
1863	Id_1864	Non-sarcastic
1864	Id_1865	Non-sarcastic
1865	Id_1866	Non-sarcastic
1866	Id_1867	Sarcastic
1867	Id_1868	Non-sarcastic
1868	Id_1869	Non-sarcastic
1869	Id_1870	Non-sarcastic
1870	Id_1871	Sarcastic
1871	Id_1872	Non-sarcastic
1872	Id_1873	Non-sarcastic
1873	Id_1874	Sarcastic
1874	Id_1875	Non-sarcastic
1875	Id_1876	Non-sarcastic
1876	Id_1877	Non-sarcastic
1877	Id_1878	Non-sarcastic
1878	Id_1879	Non-sarcastic
1879	Id_1880	Sarcastic
1880	Id_1881	Sarcastic
1881	Id_1882	Sarcastic
1882	Id_1883	Non-sarcastic
1883	Id_1884	Non-sarcastic
1884	Id_1885	Non-sarcastic
1885	Id_1886	Non-sarcastic
1886	Id_1887	Non-sarcastic
1887	Id_1888	Non-sarcastic
1888	Id_1889	Non-sarcastic
1889	Id_1890	Sarcastic
1890	Id_1891	Non-sarcastic
1891	Id_1892	Non-sarcastic
1892	Id_1893	Non-sarcastic
1893	Id_1894	Non-sarcastic
1894	Id_1895	Non-sarcastic
1895	Id_1896	Non-sarcastic
1896	Id_1897	Non-sarcastic
1897	Id_1898	Non-sarcastic
1898	Id_1899	Sarcastic
1899	Id_1900	Sarcastic
1900	Id_1901	Non-sarcastic
1901	Id_1902	Non-sarcastic
1902	Id_1903	Non-sarcastic
1903	Id_1904	Non-sarcastic
1904	Id_1905	Non-sarcastic
1905	Id_1906	Non-sarcastic
1906	Id_1907	Non-sarcastic
1907	Id_1908	Non-sarcastic
1908	Id_1909	Non-sarcastic
1909	Id_1910	Non-sarcastic
1910	Id_1911	Sarcastic
1911	Id_1912	Non-sarcastic
1912	Id_1913	Non-sarcastic
1913	Id_1914	Non-sarcastic
1914	Id_1915	Non-sarcastic
1915	Id_1916	Non-sarcastic
1916	Id_1917	Non-sarcastic
1917	Id_1918	Non-sarcastic
1918	Id_1919	Non-sarcastic
1919	Id_1920	Non-sarcastic
1920	Id_1921	Non-sarcastic
1921	Id_1922	Sarcastic
1922	Id_1923	Non-sarcastic
1923	Id_1924	Non-sarcastic
1924	Id_1925	Non-sarcastic
1925	Id_1926	Non-sarcastic
1926	Id_1927	Non-sarcastic
1927	Id_1928	Non-sarcastic
1928	Id_1929	Non-sarcastic
1929	Id_1930	Sarcastic
1930	Id_1931	Non-sarcastic
1931	Id_1932	Non-sarcastic
1932	Id_1933	Non-sarcastic
1933	Id_1934	Non-sarcastic
1934	Id_1935	Non-sarcastic
1935	Id_1936	Non-sarcastic
1936	Id_1937	Non-sarcastic
1937	Id_1938	Non-sarcastic
1938	Id_1939	Sarcastic
1939	Id_1940	Non-sarcastic
1940	Id_1941	Non-sarcastic
1941	Id_1942	Non-sarcastic
1942	Id_1943	Non-sarcastic
1943	Id_1944	Non-sarcastic
1944	Id_1945	Sarcastic
1945	Id_1946	Non-sarcastic
1946	Id_1947	Non-sarcastic
1947	Id_1948	Non-sarcastic
1948	Id_1949	Non-sarcastic
1949	Id_1950	Sarcastic
1950	Id_1951	Non-sarcastic
1951	Id_1952	Non-sarcastic
1952	Id_1953	Non-sarcastic
1953	Id_1954	Non-sarcastic
1954	Id_1955	Non-sarcastic
1955	Id_1956	Non-sarcastic
1956	Id_1957	Non-sarcastic
1957	Id_1958	Non-sarcastic
1958	Id_1959	Non-sarcastic
1959	Id_1960	Sarcastic
1960	Id_1961	Non-sarcastic
1961	Id_1962	Non-sarcastic
1962	Id_1963	Non-sarcastic
1963	Id_1964	Non-sarcastic
1964	Id_1965	Non-sarcastic
1965	Id_1966	Non-sarcastic
1966	Id_1967	Non-sarcastic
1967	Id_1968	Non-sarcastic
1968	Id_1969	Non-sarcastic
1969	Id_1970	Non-sarcastic
1970	Id_1971	Non-sarcastic
1971	Id_1972	Non-sarcastic
1972	Id_1973	Non-sarcastic
1973	Id_1974	Non-sarcastic
1974	Id_1975	Sarcastic
1975	Id_1976	Non-sarcastic
1976	Id_1977	Non-sarcastic
1977	Id_1978	Non-sarcastic
1978	Id_1979	Sarcastic
1979	Id_1980	Non-sarcastic
1980	Id_1981	Non-sarcastic
1981	Id_1982	Non-sarcastic
1982	Id_1983	Sarcastic
1983	Id_1984	Non-sarcastic
1984	Id_1985	Non-sarcastic
1985	Id_1986	Non-sarcastic
1986	Id_1987	Non-sarcastic
1987	Id_1988	Non-sarcastic
1988	Id_1989	Non-sarcastic
1989	Id_1990	Non-sarcastic
1990	Id_1991	Non-sarcastic
1991	Id_1992	Non-sarcastic
1992	Id_1993	Non-sarcastic
1993	Id_1994	Non-sarcastic
1994	Id_1995	Non-sarcastic
1995	Id_1996	Non-sarcastic
1996	Id_1997	Non-sarcastic
1997	Id_1998	Non-sarcastic
1998	Id_1999	Non-sarcastic
1999	Id_2000	Non-sarcastic
2000	Id_2001	Non-sarcastic
2001	Id_2002	Non-sarcastic
2002	Id_2003	Non-sarcastic
2003	Id_2004	Non-sarcastic
2004	Id_2005	Non-sarcastic
2005	Id_2006	Non-sarcastic
2006	Id_2007	Non-sarcastic
2007	Id_2008	Non-sarcastic
2008	Id_2009	Non-sarcastic
2009	Id_2010	Non-sarcastic
2010	Id_2011	Non-sarcastic
2011	Id_2012	Non-sarcastic
2012	Id_2013	Non-sarcastic
2013	Id_2014	Non-sarcastic
2014	Id_2015	Non-sarcastic
2015	Id_2016	Non-sarcastic
2016	Id_2017	Non-sarcastic
2017	Id_2018	Non-sarcastic
2018	Id_2019	Non-sarcastic
2019	Id_2020	Non-sarcastic
2020	Id_2021	Non-sarcastic
2021	Id_2022	Non-sarcastic
2022	Id_2023	Non-sarcastic
2023	Id_2024	Non-sarcastic
2024	Id_2025	Non-sarcastic
2025	Id_2026	Non-sarcastic
2026	Id_2027	Non-sarcastic
2027	Id_2028	Non-sarcastic
2028	Id_2029	Non-sarcastic
2029	Id_2030	Non-sarcastic
2030	Id_2031	Non-sarcastic
2031	Id_2032	Non-sarcastic
2032	Id_2033	Non-sarcastic
2033	Id_2034	Sarcastic
2034	Id_2035	Non-sarcastic
2035	Id_2036	Non-sarcastic
2036	Id_2037	Non-sarcastic
2037	Id_2038	Non-sarcastic
2038	Id_2039	Non-sarcastic
2039	Id_2040	Sarcastic
2040	Id_2041	Non-sarcastic
2041	Id_2042	Non-sarcastic
2042	Id_2043	Non-sarcastic
2043	Id_2044	Non-sarcastic
2044	Id_2045	Non-sarcastic
2045	Id_2046	Non-sarcastic
2046	Id_2047	Non-sarcastic
2047	Id_2048	Sarcastic
2048	Id_2049	Non-sarcastic
2049	Id_2050	Non-sarcastic
2050	Id_2051	Non-sarcastic
2051	Id_2052	Non-sarcastic
2052	Id_2053	Non-sarcastic
2053	Id_2054	Non-sarcastic
2054	Id_2055	Non-sarcastic
2055	Id_2056	Non-sarcastic
2056	Id_2057	Sarcastic
2057	Id_2058	Non-sarcastic
2058	Id_2059	Non-sarcastic
2059	Id_2060	Non-sarcastic
2060	Id_2061	Non-sarcastic
2061	Id_2062	Non-sarcastic
2062	Id_2063	Non-sarcastic
2063	Id_2064	Non-sarcastic
2064	Id_2065	Non-sarcastic
2065	Id_2066	Non-sarcastic
2066	Id_2067	Non-sarcastic
2067	Id_2068	Sarcastic
2068	Id_2069	Non-sarcastic
2069	Id_2070	Non-sarcastic
2070	Id_2071	Non-sarcastic
2071	Id_2072	Non-sarcastic
2072	Id_2073	Non-sarcastic
2073	Id_2074	Non-sarcastic
2074	Id_2075	Non-sarcastic
2075	Id_2076	Non-sarcastic
2076	Id_2077	Non-sarcastic
2077	Id_2078	Non-sarcastic
2078	Id_2079	Non-sarcastic
2079	Id_2080	Non-sarcastic
2080	Id_2081	Non-sarcastic
2081	Id_2082	Non-sarcastic
2082	Id_2083	Non-sarcastic
2083	Id_2084	Non-sarcastic
2084	Id_2085	Non-sarcastic
2085	Id_2086	Sarcastic
2086	Id_2087	Non-sarcastic
2087	Id_2088	Non-sarcastic
2088	Id_2089	Non-sarcastic
2089	Id_2090	Non-sarcastic
2090	Id_2091	Non-sarcastic
2091	Id_2092	Non-sarcastic
2092	Id_2093	Non-sarcastic
2093	Id_2094	Non-sarcastic
2094	Id_2095	Non-sarcastic
2095	Id_2096	Non-sarcastic
2096	Id_2097	Non-sarcastic
2097	Id_2098	Non-sarcastic
2098	Id_2099	Non-sarcastic
2099	Id_2100	Sarcastic
2100	Id_2101	Non-sarcastic
2101	Id_2102	Non-sarcastic
2102	Id_2103	Non-sarcastic
2103	Id_2104	Sarcastic
2104	Id_2105	Non-sarcastic
2105	Id_2106	Non-sarcastic
2106	Id_2107	Non-sarcastic
2107	Id_2108	Non-sarcastic
2108	Id_2109	Non-sarcastic
2109	Id_2110	Non-sarcastic
2110	Id_2111	Non-sarcastic
2111	Id_2112	Non-sarcastic
2112	Id_2113	Non-sarcastic
2113	Id_2114	Non-sarcastic
2114	Id_2115	Non-sarcastic
2115	Id_2116	Non-sarcastic
2116	Id_2117	Sarcastic
2117	Id_2118	Non-sarcastic
2118	Id_2119	Non-sarcastic
2119	Id_2120	Non-sarcastic
2120	Id_2121	Non-sarcastic
2121	Id_2122	Non-sarcastic
2122	Id_2123	Non-sarcastic
2123	Id_2124	Sarcastic
2124	Id_2125	Non-sarcastic
2125	Id_2126	Non-sarcastic
2126	Id_2127	Non-sarcastic
2127	Id_2128	Non-sarcastic
2128	Id_2129	Non-sarcastic
2129	Id_2130	Non-sarcastic
2130	Id_2131	Non-sarcastic
2131	Id_2132	Non-sarcastic
2132	Id_2133	Sarcastic
2133	Id_2134	Non-sarcastic
2134	Id_2135	Non-sarcastic
2135	Id_2136	Non-sarcastic
2136	Id_2137	Non-sarcastic
2137	Id_2138	Non-sarcastic
2138	Id_2139	Non-sarcastic
2139	Id_2140	Non-sarcastic
2140	Id_2141	Sarcastic
2141	Id_2142	Non-sarcastic
2142	Id_2143	Non-sarcastic
2143	Id_2144	Non-sarcastic
2144	Id_2145	Sarcastic
2145	Id_2146	Sarcastic
2146	Id_2147	Non-sarcastic
2147	Id_2148	Non-sarcastic
2148	Id_2149	Sarcastic
2149	Id_2150	Non-sarcastic
2150	Id_2151	Non-sarcastic
2151	Id_2152	Non-sarcastic
2152	Id_2153	Non-sarcastic
2153	Id_2154	Non-sarcastic
2154	Id_2155	Non-sarcastic
2155	Id_2156	Non-sarcastic
2156	Id_2157	Non-sarcastic
2157	Id_2158	Non-sarcastic
2158	Id_2159	Non-sarcastic
2159	Id_2160	Non-sarcastic
2160	Id_2161	Non-sarcastic
2161	Id_2162	Non-sarcastic
2162	Id_2163	Non-sarcastic
2163	Id_2164	Non-sarcastic
2164	Id_2165	Non-sarcastic
2165	Id_2166	Non-sarcastic
2166	Id_2167	Non-sarcastic
2167	Id_2168	Non-sarcastic
2168	Id_2169	Non-sarcastic
2169	Id_2170	Non-sarcastic
2170	Id_2171	Non-sarcastic
2171	Id_2172	Sarcastic
2172	Id_2173	Non-sarcastic
2173	Id_2174	Sarcastic
2174	Id_2175	Non-sarcastic
2175	Id_2176	Non-sarcastic
2176	Id_2177	Non-sarcastic
2177	Id_2178	Non-sarcastic
2178	Id_2179	Non-sarcastic
2179	Id_2180	Non-sarcastic
2180	Id_2181	Non-sarcastic
2181	Id_2182	Non-sarcastic
2182	Id_2183	Non-sarcastic
2183	Id_2184	Non-sarcastic
2184	Id_2185	Non-sarcastic
2185	Id_2186	Non-sarcastic
2186	Id_2187	Non-sarcastic
2187	Id_2188	Non-sarcastic
2188	Id_2189	Non-sarcastic
2189	Id_2190	Non-sarcastic
2190	Id_2191	Non-sarcastic
2191	Id_2192	Non-sarcastic
2192	Id_2193	Non-sarcastic
2193	Id_2194	Non-sarcastic
2194	Id_2195	Sarcastic
2195	Id_2196	Non-sarcastic
2196	Id_2197	Non-sarcastic
2197	Id_2198	Non-sarcastic
2198	Id_2199	Non-sarcastic
2199	Id_2200	Non-sarcastic
2200	Id_2201	Non-sarcastic
2201	Id_2202	Non-sarcastic
2202	Id_2203	Non-sarcastic
2203	Id_2204	Non-sarcastic
2204	Id_2205	Non-sarcastic
2205	Id_2206	Non-sarcastic
2206	Id_2207	Non-sarcastic
2207	Id_2208	Non-sarcastic
2208	Id_2209	Non-sarcastic
2209	Id_2210	Non-sarcastic
2210	Id_2211	Non-sarcastic
2211	Id_2212	Sarcastic
2212	Id_2213	Sarcastic
2213	Id_2214	Non-sarcastic
2214	Id_2215	Sarcastic
2215	Id_2216	Non-sarcastic
2216	Id_2217	Non-sarcastic
2217	Id_2218	Non-sarcastic
2218	Id_2219	Non-sarcastic
2219	Id_2220	Non-sarcastic
2220	Id_2221	Non-sarcastic
2221	Id_2222	Non-sarcastic
2222	Id_2223	Non-sarcastic
2223	Id_2224	Non-sarcastic
2224	Id_2225	Non-sarcastic
2225	Id_2226	Non-sarcastic
2226	Id_2227	Non-sarcastic
2227	Id_2228	Non-sarcastic
2228	Id_2229	Non-sarcastic
2229	Id_2230	Non-sarcastic
2230	Id_2231	Non-sarcastic
2231	Id_2232	Non-sarcastic
2232	Id_2233	Non-sarcastic
2233	Id_2234	Sarcastic
2234	Id_2235	Non-sarcastic
2235	Id_2236	Non-sarcastic
2236	Id_2237	Non-sarcastic
2237	Id_2238	Non-sarcastic
2238	Id_2239	Non-sarcastic
2239	Id_2240	Non-sarcastic
2240	Id_2241	Non-sarcastic
2241	Id_2242	Non-sarcastic
2242	Id_2243	Sarcastic
2243	Id_2244	Non-sarcastic
2244	Id_2245	Non-sarcastic
2245	Id_2246	Non-sarcastic
2246	Id_2247	Non-sarcastic
2247	Id_2248	Sarcastic
2248	Id_2249	Non-sarcastic
2249	Id_2250	Non-sarcastic
2250	Id_2251	Non-sarcastic
2251	Id_2252	Sarcastic
2252	Id_2253	Non-sarcastic
2253	Id_2254	Non-sarcastic
2254	Id_2255	Non-sarcastic
2255	Id_2256	Non-sarcastic
2256	Id_2257	Non-sarcastic
2257	Id_2258	Sarcastic
2258	Id_2259	Non-sarcastic
2259	Id_2260	Non-sarcastic
2260	Id_2261	Non-sarcastic
2261	Id_2262	Non-sarcastic
2262	Id_2263	Non-sarcastic
2263	Id_2264	Non-sarcastic
2264	Id_2265	Non-sarcastic
2265	Id_2266	Non-sarcastic
2266	Id_2267	Non-sarcastic
2267	Id_2268	Non-sarcastic
2268	Id_2269	Non-sarcastic
2269	Id_2270	Sarcastic
2270	Id_2271	Non-sarcastic
2271	Id_2272	Sarcastic
2272	Id_2273	Non-sarcastic
2273	Id_2274	Non-sarcastic
2274	Id_2275	Non-sarcastic
2275	Id_2276	Non-sarcastic
2276	Id_2277	Non-sarcastic
2277	Id_2278	Non-sarcastic
2278	Id_2279	Non-sarcastic
2279	Id_2280	Non-sarcastic
2280	Id_2281	Sarcastic
2281	Id_2282	Non-sarcastic
2282	Id_2283	Non-sarcastic
2283	Id_2284	Non-sarcastic
2284	Id_2285	Non-sarcastic
2285	Id_2286	Non-sarcastic
2286	Id_2287	Non-sarcastic
2287	Id_2288	Non-sarcastic
2288	Id_2289	Non-sarcastic
2289	Id_2290	Sarcastic
2290	Id_2291	Non-sarcastic
2291	Id_2292	Non-sarcastic
2292	Id_2293	Non-sarcastic
2293	Id_2294	Sarcastic
2294	Id_2295	Non-sarcastic
2295	Id_2296	Non-sarcastic
2296	Id_2297	Sarcastic
2297	Id_2298	Non-sarcastic
2298	Id_2299	Non-sarcastic
2299	Id_2300	Sarcastic
2300	Id_2301	Non-sarcastic
2301	Id_2302	Non-sarcastic
2302	Id_2303	Sarcastic
2303	Id_2304	Non-sarcastic
2304	Id_2305	Sarcastic
2305	Id_2306	Non-sarcastic
2306	Id_2307	Non-sarcastic
2307	Id_2308	Non-sarcastic
2308	Id_2309	Non-sarcastic
2309	Id_2310	Non-sarcastic
2310	Id_2311	Non-sarcastic
2311	Id_2312	Non-sarcastic
2312	Id_2313	Non-sarcastic
2313	Id_2314	Non-sarcastic
2314	Id_2315	Non-sarcastic
2315	Id_2316	Non-sarcastic
2316	Id_2317	Non-sarcastic
2317	Id_2318	Non-sarcastic
2318	Id_2319	Non-sarcastic
2319	Id_2320	Non-sarcastic
2320	Id_2321	Non-sarcastic
2321	Id_2322	Non-sarcastic
2322	Id_2323	Non-sarcastic
2323	Id_2324	Non-sarcastic
2324	Id_2325	Non-sarcastic
2325	Id_2326	Non-sarcastic
2326	Id_2327	Non-sarcastic
2327	Id_2328	Non-sarcastic
2328	Id_2329	Non-sarcastic
2329	Id_2330	Non-sarcastic
2330	Id_2331	Non-sarcastic
2331	Id_2332	Non-sarcastic
2332	Id_2333	Non-sarcastic
2333	Id_2334	Non-sarcastic
2334	Id_2335	Non-sarcastic
2335	Id_2336	Sarcastic
2336	Id_2337	Non-sarcastic
2337	Id_2338	Non-sarcastic
2338	Id_2339	Non-sarcastic
2339	Id_2340	Non-sarcastic
2340	Id_2341	Non-sarcastic
2341	Id_2342	Non-sarcastic
2342	Id_2343	Non-sarcastic
2343	Id_2344	Non-sarcastic
2344	Id_2345	Non-sarcastic
2345	Id_2346	Non-sarcastic
2346	Id_2347	Non-sarcastic
2347	Id_2348	Non-sarcastic
2348	Id_2349	Non-sarcastic
2349	Id_2350	Non-sarcastic
2350	Id_2351	Sarcastic
2351	Id_2352	Non-sarcastic
2352	Id_2353	Non-sarcastic
2353	Id_2354	Non-sarcastic
2354	Id_2355	Non-sarcastic
2355	Id_2356	Non-sarcastic
2356	Id_2357	Non-sarcastic
2357	Id_2358	Non-sarcastic
2358	Id_2359	Non-sarcastic
2359	Id_2360	Non-sarcastic
2360	Id_2361	Non-sarcastic
2361	Id_2362	Non-sarcastic
2362	Id_2363	Non-sarcastic
2363	Id_2364	Non-sarcastic
2364	Id_2365	Non-sarcastic
2365	Id_2366	Non-sarcastic
2366	Id_2367	Non-sarcastic
2367	Id_2368	Non-sarcastic
2368	Id_2369	Non-sarcastic
2369	Id_2370	Non-sarcastic
2370	Id_2371	Sarcastic
2371	Id_2372	Non-sarcastic
2372	Id_2373	Non-sarcastic
2373	Id_2374	Non-sarcastic
2374	Id_2375	Non-sarcastic
2375	Id_2376	Non-sarcastic
2376	Id_2377	Non-sarcastic
2377	Id_2378	Non-sarcastic
2378	Id_2379	Sarcastic
2379	Id_2380	Non-sarcastic
2380	Id_2381	Non-sarcastic
2381	Id_2382	Non-sarcastic
2382	Id_2383	Non-sarcastic
2383	Id_2384	Sarcastic
2384	Id_2385	Sarcastic
2385	Id_2386	Non-sarcastic
2386	Id_2387	Non-sarcastic
2387	Id_2388	Non-sarcastic
2388	Id_2389	Non-sarcastic
2389	Id_2390	Sarcastic
2390	Id_2391	Non-sarcastic
2391	Id_2392	Non-sarcastic
2392	Id_2393	Non-sarcastic
2393	Id_2394	Non-sarcastic
2394	Id_2395	Non-sarcastic
2395	Id_2396	Non-sarcastic
2396	Id_2397	Non-sarcastic
2397	Id_2398	Non-sarcastic
2398	Id_2399	Non-sarcastic
2399	Id_2400	Sarcastic
2400	Id_2401	Non-sarcastic
2401	Id_2402	Non-sarcastic
2402	Id_2403	Non-sarcastic
2403	Id_2404	Non-sarcastic
2404	Id_2405	Non-sarcastic
2405	Id_2406	Non-sarcastic
2406	Id_2407	Non-sarcastic
2407	Id_2408	Non-sarcastic
2408	Id_2409	Non-sarcastic
2409	Id_2410	Non-sarcastic
2410	Id_2411	Non-sarcastic
2411	Id_2412	Sarcastic
2412	Id_2413	Non-sarcastic
2413	Id_2414	Non-sarcastic
2414	Id_2415	Non-sarcastic
2415	Id_2416	Non-sarcastic
2416	Id_2417	Non-sarcastic
2417	Id_2418	Non-sarcastic
2418	Id_2419	Non-sarcastic
2419	Id_2420	Non-sarcastic
2420	Id_2421	Non-sarcastic
2421	Id_2422	Non-sarcastic
2422	Id_2423	Non-sarcastic
2423	Id_2424	Non-sarcastic
2424	Id_2425	Non-sarcastic
2425	Id_2426	Non-sarcastic
2426	Id_2427	Non-sarcastic
2427	Id_2428	Non-sarcastic
2428	Id_2429	Non-sarcastic
2429	Id_2430	Non-sarcastic
2430	Id_2431	Non-sarcastic
2431	Id_2432	Non-sarcastic
2432	Id_2433	Non-sarcastic
2433	Id_2434	Non-sarcastic
2434	Id_2435	Non-sarcastic
2435	Id_2436	Non-sarcastic
2436	Id_2437	Non-sarcastic
2437	Id_2438	Non-sarcastic
2438	Id_2439	Non-sarcastic
2439	Id_2440	Non-sarcastic
2440	Id_2441	Non-sarcastic
2441	Id_2442	Non-sarcastic
2442	Id_2443	Non-sarcastic
2443	Id_2444	Non-sarcastic
2444	Id_2445	Non-sarcastic
2445	Id_2446	Non-sarcastic
2446	Id_2447	Non-sarcastic
2447	Id_2448	Non-sarcastic
2448	Id_2449	Non-sarcastic
2449	Id_2450	Non-sarcastic
2450	Id_2451	Non-sarcastic
2451	Id_2452	Non-sarcastic
2452	Id_2453	Non-sarcastic
2453	Id_2454	Non-sarcastic
2454	Id_2455	Non-sarcastic
2455	Id_2456	Non-sarcastic
2456	Id_2457	Non-sarcastic
2457	Id_2458	Non-sarcastic
2458	Id_2459	Non-sarcastic
2459	Id_2460	Non-sarcastic
2460	Id_2461	Non-sarcastic
2461	Id_2462	Non-sarcastic
2462	Id_2463	Non-sarcastic
2463	Id_2464	Non-sarcastic
2464	Id_2465	Non-sarcastic
2465	Id_2466	Non-sarcastic
2466	Id_2467	Non-sarcastic
2467	Id_2468	Non-sarcastic
2468	Id_2469	Non-sarcastic
2469	Id_2470	Non-sarcastic
2470	Id_2471	Non-sarcastic
2471	Id_2472	Non-sarcastic
2472	Id_2473	Non-sarcastic
2473	Id_2474	Non-sarcastic
2474	Id_2475	Non-sarcastic
2475	Id_2476	Non-sarcastic
2476	Id_2477	Non-sarcastic
2477	Id_2478	Non-sarcastic
2478	Id_2479	Non-sarcastic
2479	Id_2480	Sarcastic
2480	Id_2481	Non-sarcastic
2481	Id_2482	Non-sarcastic
2482	Id_2483	Non-sarcastic
2483	Id_2484	Non-sarcastic
2484	Id_2485	Non-sarcastic
2485	Id_2486	Non-sarcastic
2486	Id_2487	Non-sarcastic
2487	Id_2488	Non-sarcastic
2488	Id_2489	Non-sarcastic
2489	Id_2490	Non-sarcastic
2490	Id_2491	Non-sarcastic
2491	Id_2492	Non-sarcastic
2492	Id_2493	Non-sarcastic
2493	Id_2494	Non-sarcastic
2494	Id_2495	Non-sarcastic
2495	Id_2496	Non-sarcastic
2496	Id_2497	Non-sarcastic
2497	Id_2498	Non-sarcastic
2498	Id_2499	Non-sarcastic
2499	Id_2500	Non-sarcastic
2500	Id_2501	Non-sarcastic
2501	Id_2502	Non-sarcastic
2502	Id_2503	Non-sarcastic
2503	Id_2504	Non-sarcastic
2504	Id_2505	Non-sarcastic
2505	Id_2506	Non-sarcastic
2506	Id_2507	Non-sarcastic
2507	Id_2508	Non-sarcastic
2508	Id_2509	Non-sarcastic
2509	Id_2510	Non-sarcastic
2510	Id_2511	Non-sarcastic
2511	Id_2512	Non-sarcastic
2512	Id_2513	Non-sarcastic
2513	Id_2514	Non-sarcastic
2514	Id_2515	Non-sarcastic
2515	Id_2516	Sarcastic
2516	Id_2517	Non-sarcastic
2517	Id_2518	Non-sarcastic
2518	Id_2519	Non-sarcastic
2519	Id_2520	Non-sarcastic
2520	Id_2521	Non-sarcastic
2521	Id_2522	Non-sarcastic
2522	Id_2523	Non-sarcastic
2523	Id_2524	Non-sarcastic
2524	Id_2525	Sarcastic
2525	Id_2526	Non-sarcastic
2526	Id_2527	Sarcastic
2527	Id_2528	Non-sarcastic
2528	Id_2529	Sarcastic
2529	Id_2530	Non-sarcastic
2530	Id_2531	Non-sarcastic
2531	Id_2532	Sarcastic
2532	Id_2533	Non-sarcastic
2533	Id_2534	Non-sarcastic
2534	Id_2535	Non-sarcastic
2535	Id_2536	Non-sarcastic
2536	Id_2537	Non-sarcastic
2537	Id_2538	Non-sarcastic
2538	Id_2539	Non-sarcastic
2539	Id_2540	Sarcastic
2540	Id_2541	Non-sarcastic
2541	Id_2542	Non-sarcastic
2542	Id_2543	Non-sarcastic
2543	Id_2544	Non-sarcastic
2544	Id_2545	Non-sarcastic
2545	Id_2546	Sarcastic
2546	Id_2547	Sarcastic
2547	Id_2548	Non-sarcastic
2548	Id_2549	Non-sarcastic
2549	Id_2550	Non-sarcastic
2550	Id_2551	Non-sarcastic
2551	Id_2552	Non-sarcastic
2552	Id_2553	Non-sarcastic
2553	Id_2554	Non-sarcastic
2554	Id_2555	Non-sarcastic
2555	Id_2556	Non-sarcastic
2556	Id_2557	Sarcastic
2557	Id_2558	Non-sarcastic
2558	Id_2559	Non-sarcastic
2559	Id_2560	Non-sarcastic
2560	Id_2561	Non-sarcastic
2561	Id_2562	Non-sarcastic
2562	Id_2563	Non-sarcastic
2563	Id_2564	Non-sarcastic
2564	Id_2565	Non-sarcastic
2565	Id_2566	Non-sarcastic
2566	Id_2567	Non-sarcastic
2567	Id_2568	Non-sarcastic
2568	Id_2569	Non-sarcastic
2569	Id_2570	Non-sarcastic
2570	Id_2571	Non-sarcastic
2571	Id_2572	Non-sarcastic
2572	Id_2573	Non-sarcastic
2573	Id_2574	Non-sarcastic
2574	Id_2575	Non-sarcastic
2575	Id_2576	Non-sarcastic
2576	Id_2577	Non-sarcastic
2577	Id_2578	Non-sarcastic
2578	Id_2579	Non-sarcastic
2579	Id_2580	Non-sarcastic
2580	Id_2581	Non-sarcastic
2581	Id_2582	Non-sarcastic
2582	Id_2583	Sarcastic
2583	Id_2584	Non-sarcastic
2584	Id_2585	Non-sarcastic
2585	Id_2586	Non-sarcastic
2586	Id_2587	Non-sarcastic
2587	Id_2588	Non-sarcastic
2588	Id_2589	Non-sarcastic
2589	Id_2590	Non-sarcastic
2590	Id_2591	Non-sarcastic
2591	Id_2592	Non-sarcastic
2592	Id_2593	Non-sarcastic
2593	Id_2594	Non-sarcastic
2594	Id_2595	Non-sarcastic
2595	Id_2596	Non-sarcastic
2596	Id_2597	Non-sarcastic
2597	Id_2598	Non-sarcastic
2598	Id_2599	Non-sarcastic
2599	Id_2600	Non-sarcastic
2600	Id_2601	Non-sarcastic
2601	Id_2602	Non-sarcastic
2602	Id_2603	Sarcastic
2603	Id_2604	Non-sarcastic
2604	Id_2605	Non-sarcastic
2605	Id_2606	Non-sarcastic
2606	Id_2607	Non-sarcastic
2607	Id_2608	Non-sarcastic
2608	Id_2609	Non-sarcastic
2609	Id_2610	Non-sarcastic
2610	Id_2611	Non-sarcastic
2611	Id_2612	Non-sarcastic
2612	Id_2613	Non-sarcastic
2613	Id_2614	Non-sarcastic
2614	Id_2615	Non-sarcastic
2615	Id_2616	Non-sarcastic
2616	Id_2617	Non-sarcastic
2617	Id_2618	Non-sarcastic
2618	Id_2619	Non-sarcastic
2619	Id_2620	Non-sarcastic
2620	Id_2621	Non-sarcastic
2621	Id_2622	Non-sarcastic
2622	Id_2623	Non-sarcastic
2623	Id_2624	Non-sarcastic
2624	Id_2625	Non-sarcastic
2625	Id_2626	Non-sarcastic
2626	Id_2627	Non-sarcastic
2627	Id_2628	Non-sarcastic
2628	Id_2629	Non-sarcastic
2629	Id_2630	Sarcastic
2630	Id_2631	Non-sarcastic
2631	Id_2632	Non-sarcastic
2632	Id_2633	Non-sarcastic
2633	Id_2634	Non-sarcastic
2634	Id_2635	Non-sarcastic
2635	Id_2636	Non-sarcastic
2636	Id_2637	Sarcastic
2637	Id_2638	Non-sarcastic
2638	Id_2639	Non-sarcastic
2639	Id_2640	Non-sarcastic
2640	Id_2641	Non-sarcastic
2641	Id_2642	Non-sarcastic
2642	Id_2643	Non-sarcastic
2643	Id_2644	Non-sarcastic
2644	Id_2645	Non-sarcastic
2645	Id_2646	Non-sarcastic
2646	Id_2647	Non-sarcastic
2647	Id_2648	Sarcastic
2648	Id_2649	Sarcastic
2649	Id_2650	Non-sarcastic
2650	Id_2651	Non-sarcastic
2651	Id_2652	Non-sarcastic
2652	Id_2653	Non-sarcastic
2653	Id_2654	Non-sarcastic
2654	Id_2655	Non-sarcastic
2655	Id_2656	Non-sarcastic
2656	Id_2657	Non-sarcastic
2657	Id_2658	Non-sarcastic
2658	Id_2659	Non-sarcastic
2659	Id_2660	Non-sarcastic
2660	Id_2661	Sarcastic
2661	Id_2662	Non-sarcastic
2662	Id_2663	Non-sarcastic
2663	Id_2664	Non-sarcastic
2664	Id_2665	Non-sarcastic
2665	Id_2666	Non-sarcastic
2666	Id_2667	Non-sarcastic
2667	Id_2668	Non-sarcastic
2668	Id_2669	Non-sarcastic
2669	Id_2670	Sarcastic
2670	Id_2671	Non-sarcastic
2671	Id_2672	Non-sarcastic
2672	Id_2673	Sarcastic
2673	Id_2674	Non-sarcastic
2674	Id_2675	Non-sarcastic
2675	Id_2676	Non-sarcastic
2676	Id_2677	Non-sarcastic
2677	Id_2678	Non-sarcastic
2678	Id_2679	Non-sarcastic
2679	Id_2680	Non-sarcastic
2680	Id_2681	Non-sarcastic
2681	Id_2682	Non-sarcastic
2682	Id_2683	Non-sarcastic
2683	Id_2684	Non-sarcastic
2684	Id_2685	Non-sarcastic
2685	Id_2686	Non-sarcastic
2686	Id_2687	Non-sarcastic
2687	Id_2688	Sarcastic
2688	Id_2689	Non-sarcastic
2689	Id_2690	Non-sarcastic
2690	Id_2691	Non-sarcastic
2691	Id_2692	Non-sarcastic
2692	Id_2693	Non-sarcastic
2693	Id_2694	Non-sarcastic
2694	Id_2695	Non-sarcastic
2695	Id_2696	Non-sarcastic
2696	Id_2697	Non-sarcastic
2697	Id_2698	Non-sarcastic
2698	Id_2699	Non-sarcastic
2699	Id_2700	Non-sarcastic
2700	Id_2701	Non-sarcastic
2701	Id_2702	Sarcastic
2702	Id_2703	Non-sarcastic
2703	Id_2704	Non-sarcastic
2704	Id_2705	Non-sarcastic
2705	Id_2706	Non-sarcastic
2706	Id_2707	Sarcastic
2707	Id_2708	Non-sarcastic
2708	Id_2709	Non-sarcastic
2709	Id_2710	Non-sarcastic
2710	Id_2711	Non-sarcastic
2711	Id_2712	Non-sarcastic
2712	Id_2713	Non-sarcastic
2713	Id_2714	Non-sarcastic
2714	Id_2715	Non-sarcastic
2715	Id_2716	Non-sarcastic
2716	Id_2717	Non-sarcastic
2717	Id_2718	Sarcastic
2718	Id_2719	Non-sarcastic
2719	Id_2720	Non-sarcastic
2720	Id_2721	Non-sarcastic
2721	Id_2722	Non-sarcastic
2722	Id_2723	Non-sarcastic
2723	Id_2724	Non-sarcastic
2724	Id_2725	Non-sarcastic
2725	Id_2726	Non-sarcastic
2726	Id_2727	Sarcastic
2727	Id_2728	Non-sarcastic
2728	Id_2729	Non-sarcastic
2729	Id_2730	Non-sarcastic
2730	Id_2731	Non-sarcastic
2731	Id_2732	Non-sarcastic
2732	Id_2733	Non-sarcastic
2733	Id_2734	Sarcastic
2734	Id_2735	Non-sarcastic
2735	Id_2736	Non-sarcastic
2736	Id_2737	Sarcastic
2737	Id_2738	Non-sarcastic
2738	Id_2739	Sarcastic
2739	Id_2740	Non-sarcastic
2740	Id_2741	Non-sarcastic
2741	Id_2742	Non-sarcastic
2742	Id_2743	Non-sarcastic
2743	Id_2744	Non-sarcastic
2744	Id_2745	Non-sarcastic
2745	Id_2746	Non-sarcastic
2746	Id_2747	Non-sarcastic
2747	Id_2748	Non-sarcastic
2748	Id_2749	Non-sarcastic
2749	Id_2750	Non-sarcastic
2750	Id_2751	Non-sarcastic
2751	Id_2752	Non-sarcastic
2752	Id_2753	Non-sarcastic
2753	Id_2754	Non-sarcastic
2754	Id_2755	Non-sarcastic
2755	Id_2756	Non-sarcastic
2756	Id_2757	Non-sarcastic
2757	Id_2758	Non-sarcastic
2758	Id_2759	Non-sarcastic
2759	Id_2760	Non-sarcastic
2760	Id_2761	Sarcastic
2761	Id_2762	Non-sarcastic
2762	Id_2763	Non-sarcastic
2763	Id_2764	Non-sarcastic
2764	Id_2765	Non-sarcastic
2765	Id_2766	Non-sarcastic
2766	Id_2767	Non-sarcastic
2767	Id_2768	Non-sarcastic
2768	Id_2769	Non-sarcastic
2769	Id_2770	Sarcastic
2770	Id_2771	Non-sarcastic
2771	Id_2772	Non-sarcastic
2772	Id_2773	Non-sarcastic
2773	Id_2774	Non-sarcastic
2774	Id_2775	Non-sarcastic
2775	Id_2776	Non-sarcastic
2776	Id_2777	Non-sarcastic
2777	Id_2778	Sarcastic
2778	Id_2779	Non-sarcastic
2779	Id_2780	Non-sarcastic
2780	Id_2781	Non-sarcastic
2781	Id_2782	Non-sarcastic
2782	Id_2783	Non-sarcastic
2783	Id_2784	Non-sarcastic
2784	Id_2785	Non-sarcastic
2785	Id_2786	Sarcastic
2786	Id_2787	Non-sarcastic
2787	Id_2788	Non-sarcastic
2788	Id_2789	Non-sarcastic
2789	Id_2790	Non-sarcastic
2790	Id_2791	Non-sarcastic
2791	Id_2792	Non-sarcastic
2792	Id_2793	Non-sarcastic
2793	Id_2794	Non-sarcastic
2794	Id_2795	Non-sarcastic
2795	Id_2796	Sarcastic
2796	Id_2797	Non-sarcastic
2797	Id_2798	Non-sarcastic
2798	Id_2799	Non-sarcastic
2799	Id_2800	Non-sarcastic
2800	Id_2801	Non-sarcastic
2801	Id_2802	Non-sarcastic
2802	Id_2803	Sarcastic
2803	Id_2804	Sarcastic
2804	Id_2805	Non-sarcastic
2805	Id_2806	Non-sarcastic
2806	Id_2807	Non-sarcastic
2807	Id_2808	Non-sarcastic
2808	Id_2809	Non-sarcastic
2809	Id_2810	Non-sarcastic
2810	Id_2811	Non-sarcastic
2811	Id_2812	Sarcastic
2812	Id_2813	Non-sarcastic
2813	Id_2814	Non-sarcastic
2814	Id_2815	Non-sarcastic
2815	Id_2816	Non-sarcastic
2816	Id_2817	Non-sarcastic
2817	Id_2818	Non-sarcastic
2818	Id_2819	Non-sarcastic
2819	Id_2820	Non-sarcastic
2820	Id_2821	Non-sarcastic
2821	Id_2822	Non-sarcastic
2822	Id_2823	Non-sarcastic
2823	Id_2824	Non-sarcastic
2824	Id_2825	Non-sarcastic
2825	Id_2826	Non-sarcastic
